{
  "timestamp": "2026-02-07T19:19:06.814585",
  "experiment_name": "interventional_structure_discovery",
  "config": {
    "n_actions": 4,
    "action_names": [
      "noop",
      "left_engine",
      "main_engine",
      "right_engine"
    ],
    "state_labels": [
      "x",
      "y",
      "vx",
      "vy",
      "angle",
      "ang_vel",
      "left_leg",
      "right_leg"
    ],
    "min_transitions_per_action": 500,
    "resampled": false,
    "transitions_per_action": {
      "noop": 1113,
      "left_engine": 1136,
      "main_engine": 1134,
      "right_engine": 1125
    },
    "tb_method": "hybrid",
    "n_objects": 2
  },
  "metrics": {
    "per_action": {
      "noop": {
        "coupling": [
          [
            0.0,
            0.2603901419972753,
            0.3817281442321884,
            0.1704948922036199,
            0.4992151931174212,
            0.04329828208992734,
            0.46030633995340636,
            0.08432931384785865
          ],
          [
            0.2603901419972753,
            0.0,
            0.0674437882741356,
            0.4029348299812672,
            0.08031109959643606,
            0.023471827749976675,
            0.5762869663713931,
            0.725624849660418
          ],
          [
            0.3817281442321884,
            0.0674437882741356,
            0.0,
            0.006273256605678002,
            0.3318501115554285,
            0.08893815232608457,
            0.0013895601655794989,
            0.19055671287714643
          ],
          [
            0.1704948922036199,
            0.4029348299812672,
            0.006273256605678002,
            0.0,
            0.09621732632053008,
            0.0415263872236826,
            0.06417829363255162,
            0.22643931397040754
          ],
          [
            0.4992151931174212,
            0.08031109959643606,
            0.3318501115554285,
            0.09621732632053008,
            0.0,
            0.5927942184679676,
            0.20457937635990675,
            0.14106198303097456
          ],
          [
            0.04329828208992734,
            0.023471827749976675,
            0.08893815232608457,
            0.0415263872236826,
            0.5927942184679676,
            0.0,
            0.28209373645369146,
            0.24506279325171887
          ],
          [
            0.46030633995340636,
            0.5762869663713931,
            0.0013895601655794989,
            0.06417829363255162,
            0.20457937635990675,
            0.28209373645369146,
            0.0,
            0.036398552713413204
          ],
          [
            0.08432931384785865,
            0.725624849660418,
            0.19055671287714643,
            0.22643931397040754,
            0.14106198303097456,
            0.24506279325171887,
            0.036398552713413204,
            0.0
          ]
        ],
        "grad_magnitude": [
          0.028808576986193657,
          0.053094491362571716,
          0.03357022628188133,
          0.05449037253856659,
          0.03870977833867073,
          0.09807807952165604,
          0.035335905849933624,
          0.039669785648584366
        ],
        "assignment": [
          0,
          1,
          0,
          -1,
          0,
          -1,
          1,
          1
        ],
        "is_blanket": [
          false,
          false,
          false,
          true,
          false,
          true,
          false,
          false
        ],
        "eigengap": 4.999999999999995,
        "n_clusters": 1,
        "n_transitions": 1113,
        "objects": {
          