{
  "timestamp": "2026-02-07T17:53:26.793600",
  "experiment_name": "diffusion_tb_analysis",
  "config": {
    "dataset": "make_moons",
    "n_samples": 1000,
    "noise": 0.08,
    "T": 200,
    "schedule": "cosine (Nichol & Dhariwal 2021)",
    "score_model": "MLPRegressor(256,256,128)",
    "parameterization": "epsilon (predict noise)",
    "n_sigma_levels": 10,
    "n_augment": 6,
    "sample_sub_n": 400,
    "cluster_detection": "k-means + silhouette on unit score vectors",
    "silhouette_threshold": 0.45,
    "eigengap": "lambda_2 - lambda_1 of normalized Laplacian"
  },
  "metrics": {
    "sigma_levels": [
      0.015967862611260347,
      0.1901094905697255,
      0.3549739650175276,
      0.5093039545906212,
      0.6486674037512836,
      0.7689997957480713,
      0.8667812226890004,
      0.9391487367308753,
      0.9839826814202784,
      1.0
    ],
    "per_sigma": {
      "sigma_0.0160": {
        "sigma": 0.015967862611260347,
        "sample_eigengap": 0.03214069393547425,
        "sample_silhouette": 0.4567491220360209,
        "sample_n_clusters": 2,
        "sample_eigenvalues": [
          9.847678228425139e-13,
          0.16602249476551445,
          0.1981631887009887,
          0.4624880125683082,
          0.4991486883953784,
          0.7388517633779697,
          0.7700778778670683,
          0.9108469869476561,
          0.920279683938776,
          0.9783945961297438,
          0.9824956123745593
        ],
        "var_hessian_est": [
          [
            130.92337617158165,
            -10.592031143865663
          ],
          [
            -10.592031143865663,
            76.1125320096865
          ]
        ],
        "var_coupling": [
          [
            0.0,
            0.10610664073417438
          ],
          [
            0.10610664073417438,
            0.0
          ]
        ],
        "var_coupling_strength": 0.10610664073417438,
        "ari": 5.024841560464546e-05
      },
      "sigma_0.1901": {
        "sigma": 0.1901094905697255,
        "sample_eigengap": 0.04803107364037218,
        "sample_silhouette": 0.4488162065076034,
        "sample_n_clusters": 1,
        "sample_eigenvalues": [
          9.621192731401607e-13,
          0.19436456708570937,
          0.24239564072608155,
          0.5362965317055888,
          0.6551139790582627,
          0.8379759232371434,
          0.8676237560693311,
          0.9601460573265066,
          0.9642802411829304,
          0.9972801608147716,
          0.99848774779837
        ],
        "var_hessian_est": [
          [
            11.009404403289459,
            -0.2727427815123586
          ],
          [
            -0.2727427815123586,
            7.452087649095517
          ]
        ],
        "var_coupling": [
          [
            0.0,
            0.030111498784133554
          ],
          [
            0.030111498784133554,
            0.0
          ]
        ],
        "var_coupling_strength": 0.030111498784133554,
        "ari": 0.0
      },
      "sigma_0.3550": {
        "sigma": 0.3549739650175276,
        "sample_eigengap": 0.08080170103186657,
        "sample_silhouette": 0.4670761771904815,
        "sample_n_clusters": 2,
        "sample_eigenvalues": [
          9.71445146547012e-13,
          0.16762859715870837,
          0.24843029819057494,
          0.5470393190774563,
          0.6304221078268405,
          0.829208179053795,
          0.8566303406893955,
          0.9535520965723955,
          0.960668510909003,
          0.9954336453557561,
          0.9972718972305542
        ],
        "var_hessian_est": [
          [
            2.4642808721869978,
            -0.03305736911259686
          ],
          [
            -0.03305736911259686,
            2.5649296361060276
          ]
        ],
        "var_coupling": [
          [
            0.0,
            0.013148779751047756
          ],
          [
            0.013148779751047756,
            0.0
          ]
        ],
        "var_coupling_strength": 0.013148779751047756,
        "ari": -0.0012814030911588274
      },
      "sigma_0.5093": {
        "sigma": 0.5093039545906212,
        "sample_eigengap": 0.1752267484323471,
        "sample_silhouette": 0.4926624670806899,
        "sample_n_clusters": 2,
        "sample_eigenvalues": [
          9.907630271754897e-13,
          0.1164175688611232,
          0.2916443172934703,
          0.522398382650574,
          0.6196982264466153,
          0.8196249184882264,
          0.8326931464764453,
          0.9449688659398354,
          0.9516328565022713,
          0.9927139641214744,
          0.9940371360349244
        ],
        "var_hessian_est": [
          [
            1.4571519297797013,
            0.23647185476120725
          ],
          [
            0.23647185476120725,
            1.6101569391209505
          ]
        ],
        "var_coupling": [
          [
            0.0,
            0.1543806726449321
          ],
          [
            0.1543806726449321,
            0.0
          ]
        ],
        "var_coupling_strength": 0.1543806726449321,
        "ari": 0.0039045186889259407
      },
      "sigma_0.6487": {
        "sigma": 0.6486674037512836,
        "sample_eigengap": 0.24146557414731573,
        "sample_silhouette": 0.5540376681854997,
        "sample_n_clusters": 2,
        "sample_eigenvalues": [
          1.0449419107771973e-12,
          0.05009665665710794,
          0.29156223080442367,
          0.41522697205455705,
          0.5777080142684162,
          0.7215378071442287,
          0.7976534067989265,
          0.8960371926123137,
          0.9222658616003931,
          0.9743799241122473,
          0.9817908047869182
        ],
        "var_hessian_est": [
          [
            1.2518256938437962,
            0.1647735608918527
          ],
          [
            0.1647735608918527,
            1.2628776535169433
          ]
        ],
        "var_coupling": [
          [
            0.0,
            0.1310493736666438
          ],
          [
            0.1310493736666438,
            0.0
          ]
        ],
        "var_coupling_strength": 0.1310493736666438,
        "ari": 0.020047909355138272
      },
      "sigma_0.7690": {
        "sigma": 0.7689997957480713,
        "sample_eigengap": 0.19620527891375006,
        "sample_silhouette": 0.5032320692467773,
        "sample_n_clusters": 2,
        "sample_eigenvalues": [
          9.992007221626409e-13,
          0.1026272675345683,
          0.29883254644831836,
          0.509642608100575,
          0.61008635401433,
          0.8009752910657397,
          0.8322041086313092,
          0.9405807905290678,
          0.9479034637080939,
          0.9898576474768469,
          0.9934383748027349
        ],
        "var_hessian_est": [
          [
            1.0769650302163256,
            0.20835864933470488
          ],
          [
            0.20835864933470488,
            1.037583907655282
          ]
        ],
        "var_coupling": [
          [
            0.0,
            0.19710566680849612
          ],
          [
            0.19710566680849612,
            0.0
          ]
        ],
        "var_coupling_strength": 0.19710566680849612,
        "ari": 0.013159196465906258
      },
      "sigma_0.8668": {
        "sigma": 0.8667812226890004,
        "sample_eigengap": 0.08219388939988126,
        "sample_silhouette": 0.44673041554513604,
        "sample_n_clusters": 1,
        "sample_eigenvalues": [
          9.545697565727096e-13,
          0.1850355724174706,
          0.26722946181735185,
          0.5965252049748102,
          0.6106651627283033,
          0.8434461871695409,
          0.8622742996356838,
          0.9576251775920348,
          0.967383580213799,
          0.9975795374295847,
          0.9985233226391828
        ],