{
  "timestamp": "2026-02-07T08:20:12.297095",
  "experiment_name": "notears_comparison",
  "config": {},
  "metrics": {
    "ggm_comparison": [
      {
        "graph_type": "chain",
        "d": 10,
        "n_samples": 2000,
        "tb": {
          "shd": 2,
          "precision": 0.9,
          "recall": 1.0,
          "f1": 0.9473684210526316,
          "time": 0.6536307334899902
        },
        "notears": {
          "shd": 18,
          "precision": 0.0,
          "recall": 0.0,
          "f1": 0.0,
          "time": 0.19985675811767578
        },
        "glasso": {
          "shd": 12,
          "precision": 0.6,
          "recall": 1.0,
          "f1": 0.7499999999999999,
          "time": 0.0719611644744873
        }
      },
      {
        "graph_type": "random_sparse",
        "d": 10,
        "n_samples": 2000,
        "tb": {
          "shd": 4,
          "precision": 1.0,
          "recall": 0.8461538461538461,
          "f1": 0.9166666666666666,
          "time": 0.0
        },
        "notears": {
          "shd": 26,
          "precision": 0.0,
          "recall": 0.0,
          "f1": 0.0,
          "time": 0.23720788955688477
        },
        "glasso": {
          "shd": 22,
          "precision": 0.5416666666666666,
          "recall": 1.0,
          "f1": 0.7027027027027027,
          "time": 0.05489802360534668
        }
      }
    ],
    "lunarlander_comparison": {
      "n_samples": 2000,
      "state_labels": [
        "x",
        "y",
        "vx",
        "vy",
        "angle",
        "ang_vel",
        "left_leg",
        "right_leg"
      ],
      "tb": {
        "n_edges": 14,
        "coupling_matrix": [
          [
            0.0,
            0.035991804204308954,
            0.8950538064326611,
            0.009460981978605228,
            0.7190731387884053,
            0.368131983202538,
            0.10213217255644431,
            0.03091822349744421
          ],
          [
            0.035991804204308954,
            0.0,
            0.01489553745149738,
            0.8343868305998301,
            0.04384323835250001,
            0.044993449063719465,
            0.227755433570805,
            0.23042251963202168
          ],
          [
            0.8950538064326611,
            0.01489553745149738,
            0.0,
            0.050154652804091274,
            0.7658822133318586,
            0.4539837827637275,
            0.09718435636639973,
            0.025321630029600306
          ],
          [
            0.009460981978605228,
            0.8343868305998301,
            0.050154652804091274,
            0.0,
            0.022048290812932594,
            0.01971748210582789,
            0.13532061052876226,
            0.06597455740224628
          ],
          [
            0.7190731387884053,
            0.04384323835250001,
            0.7658822133318586,
            0.022048290812932594,
            0.0,
            0.6285003826494732,
            0.1576685225294179,
            0.1172440049095101
          ],
          [
            0.368131983202538,
            0.044993449063719465,
            0.4539837827637275,
            0.01971748210582789,
            0.6285003826494732,
            0.0,
            0.14964513935373175,
            0.15600771305691424
          ],
          [
            0.10213217255644431,
            0.227755433570805,
            0.09718435636639973,
            0.13532061052876226,
            0.1576685225294179,
            0.14964513935373175,
            0.0,
            0.07026293112033512
          ],
          [
            0.03091822349744421,
            0.23042251963202168,
            0.025321630029600306,
            0.06597455740224628,
            0.1172440049095101,
            0.15600771305691424,
            0.07026293112033512,
            0.0
          ]
        ],
        "adjacency": [
          [
            0,
            0,
            1,
            0,
            1,
            1,
            0,
            0
          ],
          [
            0,
            0,
            0,
            1,
            0,
            0,
            0,
            0
          ],
          [
            1,
            0,
            0,
            0,
            1,
            1,
            0,
            0
          ],
          [
            0,
            1,
            0,
            0,
            0,
            0,
            0,
            0
          ],
          [
            1,
            0,
            1,
            0,
            0,
            1,
            0,
            0
          ],
          [
            1,
            0,
            1,
            0,
            1,
            0,
            0,
            0
          ],
          [
            0,
            0,
            0,
            0,
            0,
            0,
            0,
            0
          ],
          [
            0,
            0,
            0,
            0,
            0,
            0,
            0,
            0
          ]
        ],
        "time": 0.002050161361694336
      },
      "notears": {
        "n_edges": 7,
        "adjacency": [
          [
            0.0,
            0.0,
            0.5139615146941666,
            0.0,
            0.0,
            0.0,
            0.0,
            0.0
          ],
          [
            0.0,
            0.0,
            0.0,
            0.6485535407325834,
            0.0,
            0.0,
            0.0,
            0.0
          ],
          [
            0.5898562547905745,
            0.0,
            0.0,
            0.0,
            -0.3348583913319792,
            0.0,
            0.0,
            0.0
          ],
          [
            0.0,
            0.6090000767653646,
            0.0,
            0.0,
            0.0,
            0.0,
            0.0,
            0.0
          ],
          [
            0.0,
            0.0,
            -0.3071612431859266,
            0.0,
            0.0,
            0.5423734750880886,
            0.0,
            0.0
          ],
          [
            0.0,
            0.0,
            0.0,
            0.0,
            0.0,
            0.0,
            0.0,
            0.0
          ],
          [
            0.0,
            0.0,
            0.0,
            0.0,
            0.0,
            0.0,
            0.0,
            0.0
          ],
          [
            0.0,
            0.0,
            0.0,
            0.0,
            0.0,
            0.0,
            0.0,
            0.0
          ]
        ],
        "time": 0.2026669979095459
      },
      "glasso": {
        "n_edges": 52,
        "adjacency": [
          [
            0,
            1,
            1,
            1,
            1,
            1,
            1,
            1
          ],
          [
            1,
            0,
            1,
            1,
            1,
            1,
            1,
            1
          ],
          [
            1,
            1,
            0,
            1,
            1,
            1,
            1,
            1
          ],
          [
            1,
            1,
            1,
            0,
            1,
            0,
            1,
            1
          ],
          [
            1,
            1,
            1,
            1,
            0,
            1,
            1,
            1
          ],
          [
            1,
            1,
            1,
            0,
            1,
            0,
            1,
            1
          ],
          [
            1,
            1,
            1,
            1,
            1,
            1,
            0,
            0
          ],
          [
            1,
            1,
            1,
            1,
            1,
            1,
            0,
            0
          ]
        ],
        "time": 0.2803213596343994
      },
      "agreement": {
        "tb_notears": 0.90625,
        "tb_glasso": 0.40625,
        "notears_glasso": 0.3125
      }
    },