{
  "timestamp": "2026-02-07T08:56:00.680059",
  "experiment_name": "pixel_tb_analysis",
  "config": {
    "latent_dim": 64,
    "n_transitions": 3503,
    "state_labels": [
      "x",
      "y",
      "vx",
      "vy",
      "angle",
      "ang_vel",
      "left_leg",
      "right_leg"
    ]
  },
  "metrics": {
    "eigengap": 29.94644750574836,
    "n_clusters_spectral": 1,
    "eigenvalues": [
      1.4210854715202004e-13,
      29.946447505748502,
      37.979523402480694,
      41.9709095663976,
      50.180709596054626,
      50.950565517045675,
      52.079177021001954,
      54.329951924743874,
      55.30324503414923,
      55.86635961502055,
      56.467274010412936,
      56.876189859014985,
      58.99999999999997,
      59.187137069471476,
      59.26582773553545,
      59.66747594764456,
      60.015215752433065,
      60.15077147894854,
      60.169380908321905,
      60.54991782322892
    ],
    "methods": {
      "gradient": {
        "assignment": [
          0,
          0,
          0,
          -1,
          0,
          0,
          0,
          0,
          0,
          0,
          -1,
          0,
          -1,
          -1,
          0,
          0,
          0,
          0,
          -1,
          -1,
          -1,
          0,
          0,
          -1,
          -1,
          -1,
          0,
          0,
          0,
          0,
          -1,
          0,
          -1,
          0,
          0,
          0,
          -1,
          -1,
          -1,
          0,
          0,
          0,
          0,
          0,
          0,
          0,
          0,
          0,
          0,
          0,
          -1,
          -1,
          0,
          -1,
          0,
          0,
          0,
          0,
          -1,
          0,
          0,
          0,
          0,
          0
        ],
        "is_blanket": [
          false,
          false,
          false,
          true,
          false,
          false,
          false,
          false,
          false,
          false,
          true,
          false,
          true,
          true,
          false,
          false,
          false,
          false,
          true,
          true,
          true,
          false,
          false,
          true,
          true,
          true,
          false,
          false,
          false,
          false,
          true,
          false,
          true,
          false,
          false,
          false,
          true,
          true,
          true,
          false,
          false,
          false,
          false,
          false,
          false,
          false,
          false,
          false,
          false,
          false,
          true,
          true,
          false,
          true,
          false,
          false,
          false,
          false,
          true,
          false,
          false,
          false,
          false,
          false
        ],
        "n_blanket": 19,
        "object_sizes": {
          "0": 45
        }
      },
      "coupling": {
        "assignment": [
          -1,
          0,
          0,
          0,
          -1,
          0,
          -1,
          0,
          0,
          0,
          0,
          0,
          0,
          0,
          0,
          0,
          0,
          0,
          0,
          0,
          0,
          0,
          -1,
          0,
          0,
          0,
          0,
          0,
          0,
          0,
          0,
          0,
          0,
          0,
          0,
          0,
          0,
          0,
          0,
          0,
          0,
          -1,
          0,
          0,
          0,
          -1,
          -1,
          0,
          -1,
          0,
          0,
          0,
          0,
          0,
          0,
          0,
          -1,
          -1,
          0,
          0,
          -1,
          0,
          -1,
          0
        ],
        "is_blanket": [
          true,
          false,
          false,
          false,
          true,
          false,
          true,
          false,
          false,
          false,
          false,
          false,
          false,
          false,
          false,
          false,
          false,
          false,
          false,
          false,
          false,
          false,
          true,
          false,
          false,
          false,
          false,
          false,
          false,
          false,
          false,
          false,
          false,
          false,
          false,
          false,
          false,
          false,
          false,
          false,
          false,
          true,
          false,
          false,
          false,
          true,
          true,
          false,
          true,
          false,
          false,
          false,
          false,
          false,
          false,
          false,
          true,
          true,
          false,
          false,
          true,
          false,
          true,
          false
        ],
        "n_blanket": 12,
        "object_sizes": {
          "0": 52
        }
      },
      "hybrid": {
        "assignment": [
          0,
          0,
          0,
          -1,
          0,
          0,
          0,
          0,
          0,
          0,
          -1,
          0,
          -1,
          -1,
          0,
          0,
          0,
          0,
          -1,
          -1,
          -1,
          0,
          0,
          -1,
          -1,
          -1,
          0,
          0,
          0,
          0,
          -1,
          0,
          -1,
          0,
          0,
          0,
          -1,
          -1,
          -1,
          0,
          0,
          0,
          0,
          0,
          0,
          0,
          0,
          0,
          0,
          0,
          -1,
          -1,
          0,
          -1,
          0,
          0,
          0,
          0,
          -1,
          0,
          0,
          0,
          0,
          0
        ],
        "is_blanket": [
          false,
          false,
          false,
          true,
          false,
          false,
          false,
          false,
          false,
          false,
          true,
          false,
          true,
          true,
          false,
          false,
          false,
          false,
          true,
          true,
          true,
          false,
          false,
          true,
          true,
          true,
          false,
          false,
          false,
          false,
          true,
          false,
          true,
          false,
          false,
          false,
          true,
          true,
          true,
          false,
          false,
          false,
          false,
          false,
          false,
          false,
          false,
          false,
          false,
          false,
          true,
          true,
          false,
          true,
          false,
          false,
          false,
          false,
          true,
          false,
          false,
          false,
          false,
          false
        ],
        "n_blanket": 19,
        "object_sizes": {
          "0": 45
        }
      }
    },
    "hierarchy": [
      {
        "level": 0,
        "n_internals": 63,
        "n_blanket": 1,
        "eigengap": 29.94644750574836
      },
      {
        "level": 1,
        "n_internals": 62,
        "n_blanket": 1,
        "eigengap": 37.95755054984069
      },
      {
        "level": 2,
        "n_internals": 61,
        "n_blanket": 1,
        "eigengap": 41.93720318741172
      }
    ],
    "latent_physical_correlations": {
      "x": {
        "top_3_dims": [
          34,
          9,
          48
        ],
        "top_3_corrs": [
          0.2945351209800514,
          0.29401284123398735,
          -0.25586224283629183
        ]
      },
      "y": {
        "top_3_dims": [
          14,
          17,
          37
        ],