{
  "timestamp": "2026-02-07T08:54:17.684532",
  "experiment_name": "pixel_trajectory_collection",
  "config": {
    "checkpoint": "C:\\Users\\citiz\\Documents\\lunar-lander\\trained_agents\\pixel_lunarlander_best.tar",
    "n_episodes": 50,
    "max_steps": 1000,
    "epsilon": 0.05,
    "state_labels": [
      "x",
      "y",
      "vx",
      "vy",
      "angle",
      "ang_vel",
      "left_leg",
      "right_leg"
    ]
  },
  "metrics": {
    "total_transitions": 3503,
    "n_episodes": 50,
    "mean_episode_return": -140.7824996080838,
    "std_episode_return": 48.04945953657528,
    "mean_episode_length": 70.06,
    "latent_std_range": [
      0.0008896676590666175,
      0.005685281008481979
    ],
    "gradient_magnitude_range": [
      5.320678610587493e-06,
      0.0002479688264429569
    ],
    "latent_physical_top_correlations": {
      "x": {
        "best_latent_dim": 34,
        "correlation": 0.2945351209800514
      },
      "y": {
        "best_latent_dim": 14,
        "correlation": 0.5235076164201141
      },
      "vx": {
        "best_latent_dim": 9,
        "correlation": 0.3060080907038344
      },
      "vy": {
        "best_latent_dim": 14,
        "correlation": 0.6509668245748754
      },
      "angle": {
        "best_latent_dim": 34,
        "correlation": 0.2590466432425527
      },
      "ang_vel": {
        "best_latent_dim": 21,
        "correlation": 0.16767613205261794
      },
      "left_leg": {
        "best_latent_dim": 24,
        "correlation": 0.11420298814776747
      },
      "right_leg": {
        "best_latent_dim": 13,
        "correlation": 0.11257173281415252
      }
    },
    "episode_returns": [
      -121.13530952928144,
      -150.05015457985726,
      -329.01451254015655,
      -122.16050894836421,
      -113.90790279200775,
      -101.4115434907003,
      -112.06372227955046,
      -111.15837293333615,
      -123.83739695123427,
      -184.87494359873688,
      -130.71815828822957,
      -117.29760121090062,
      -132.76699770215694,
      -159.90898847785576,
      -126.79667618091625,
      -194.7420398797991,
      -120.42161362120933,
      -116.79040368741006,
      -118.81889017030609,
      -132.52171798837702,
      -129.65546453063013,
      -149.65077349428958,
      -119.65416463097202,
      -203.50573738021492,
      -291.7772251881131,
      -178.19643759103644,
      -179.79205242354033,
      -142.07197221561685,
      -132.303150288447,
      -152.461003170199,
      -150.3425366875422,
      -114.04958100429064,
      -149.5050701965984,
      -138.25425393853726,
      -134.1909974367048,
      -149.74717834145554,
      -130.03839051401445,
      -94.13602407508223,
      -112.80885838735037,
      -145.98033331300942,
      -13.66647559286372,
      -140.67990173878718,
      -115.67910862248219,
      -217.72807255966808,
      -139.2066373230209,
      -57.5535245820891,
      -96.60266323410782,
      -164.50881343094403,
      -122.52138859095989,
      -152.4597350712365
    ],
    "episode_lengths": [
      83,
      60,
      105,
      70,
      54,
      83,
      64,
      78,
      55,
      83,
      54,
      75,
      59,
      63,
      54,
      93,
      69,
      72,
      82,
      75,
      60,
      67,
      53,
      73,
      91,
      86,
      72,
      80,
      53,
      75,
      67,
      79,
      91,
      55,
      60,
      66,
      78,
      50,
      61,
      94,
      55,
      65,
      61,
      93,
      65,
      57,
      59,
      61,
      75,
      70
    ]
  },
  "notes": "US-042: 50 episodes of pixel agent trajectory data with latent encodings and dynamics prediction error gradients."
}