{
  "timestamp": "2026-02-07T17:22:34.587846",
  "experiment_name": "diffusion_tb_analysis",
  "config": {
    "dataset": "make_moons",
    "n_samples": 1000,
    "noise": 0.08,
    "T": 100,
    "beta_min": 0.0001,
    "beta_max": 0.02,
    "score_model": "MLPRegressor(256,256,128)",
    "n_sigma_levels": 10,
    "n_augment": 5,
    "sample_sub_n": 400,
    "bandwidth": "20th_percentile",
    "laplacian": "normalized"
  },
  "metrics": {
    "sigma_levels": [
      0.009999999999999449,
      0.11989154836678584,
      0.22769565097971833,
      0.33152602019891175,
      0.4296887606445435,
      0.5207607537537945,
      0.6036483108697694,
      0.6776222798065362,
      0.7423278904506586,
      0.7977698615167834
    ],
    "per_sigma": {
      "sigma_0.0100": {
        "sigma": 0.009999999999999449,
        "sample_eigengap": 0.2517821232193589,
        "sample_n_clusters": 1,
        "sample_eigenvalues": [
          8.621992009238966e-13,
          0.3439550287727027,
          0.4086264259339899,
          0.6604085491533488,
          0.6855735353852971,
          0.7631568302197063,
          0.812100619243739,
          0.8361717614388271,
          0.8551531668945239,
          0.9074159491172602,
          0.9235517013095651
        ],
        "var_hessian_est": [
          [
            44.917762917788856,
            -2.6938695151741574
          ],
          [
            -2.6938695151741574,
            26.483851503947854
          ]
        ],
        "var_coupling": [
          [
            0.0,
            0.07810465580258087
          ],
          [
            0.07810465580258087,
            0.0
          ]
        ],
        "var_coupling_strength": 0.07810465580258087,
        "ari": 0.0
      },
      "sigma_0.1199": {
        "sigma": 0.11989154836678584,
        "sample_eigengap": 0.13007136694975963,
        "sample_n_clusters": 1,
        "sample_eigenvalues": [
          8.657519146026971e-13,
          0.3543010687161272,
          0.471097096773636,
          0.542241807733522,
          0.6014209315961453,
          0.7314922985459049,
          0.7409364473848334,
          0.8297761915861586,
          0.8495632246301181,
          0.867071623362027,
          0.8905530075979124
        ],
        "var_hessian_est": [
          [
            21.149910012118916,
            -1.2016162332939586
          ],
          [
            -1.2016162332939586,
            9.537138341962402
          ]
        ],
        "var_coupling": [
          [
            0.0,
            0.08460625683314228
          ],
          [
            0.08460625683314228,
            0.0
          ]
        ],
        "var_coupling_strength": 0.08460625683314228,
        "ari": 0.0
      },
      "sigma_0.2277": {
        "sigma": 0.22769565097971833,
        "sample_eigengap": 0.2920057650032804,
        "sample_n_clusters": 2,
        "sample_eigenvalues": [
          8.504433863029765e-13,
          0.09946453423931663,
          0.391470299242597,
          0.4556251355098829,
          0.5621272122679165,
          0.6034405640238675,
          0.6265028771763598,
          0.7103696496944378,
          0.7599864037967563,
          0.8274175933595928,
          0.8382034189136508
        ],
        "var_hessian_est": [
          [
            8.671605715378183,
            -0.9467544342352415
          ],
          [
            -0.9467544342352415,
            4.676897862901079
          ]
        ],
        "var_coupling": [
          [
            0.0,
            0.1486649674515095
          ],
          [
            0.1486649674515095,
            0.0
          ]
        ],
        "var_coupling_strength": 0.1486649674515095,
        "ari": 5.012781339219675e-05
      },
      "sigma_0.3315": {
        "sigma": 0.33152602019891175,
        "sample_eigengap": 0.25785803841479704,
        "sample_n_clusters": 2,
        "sample_eigenvalues": [
          8.764100556390986e-13,
          0.10183585930160866,
          0.3596938977164057,
          0.4214748995076645,
          0.44481386796357314,
          0.5398321613310599,
          0.5804551272867624,
          0.6443247585671488,
          0.6586199487949916,
          0.6905198685136712,
          0.7073112940674343
        ],
        "var_hessian_est": [
          [
            4.333287877383334,
            -0.5625822624896384
          ],
          [
            -0.5625822624896384,
            2.738597865975354
          ]
        ],
        "var_coupling": [
          [
            0.0,
            0.1633101309071479
          ],
          [
            0.1633101309071479,
            0.0
          ]
        ],
        "var_coupling_strength": 0.1633101309071479,
        "ari": 0.00015038716235027313
      },
      "sigma_0.4297": {
        "sigma": 0.4296887606445435,
        "sample_eigengap": 0.17983529586261407,
        "sample_n_clusters": 2,
        "sample_eigenvalues": [
          9.243867803056189e-13,
          0.07789423952565824,
          0.2577295353882723,
          0.2765886137676686,
          0.29935335390550843,
          0.3106507823697655,
          0.4060859946632326,
          0.42268779674753476,
          0.5782736529435794,
          0.625134766063785,
          0.6805322935217039
        ],
        "var_hessian_est": [
          [
            2.545122832139794,
            -0.4244042941295992
          ],
          [
            -0.4244042941295992,
            2.0099234208254293
          ]
        ],
        "var_coupling": [
          [
            0.0,
            0.1876444115486952
          ],
          [
            0.1876444115486952,
            0.0
          ]
        ],
        "var_coupling_strength": 0.1876444115486952,
        "ari": 0.0014037846032904711
      },
      "sigma_0.5208": {
        "sigma": 0.5207607537537945,
        "sample_eigengap": 0.12155321273631325,
        "sample_n_clusters": 2,
        "sample_eigenvalues": [
          9.492406860545088e-13,
          0.16869542020977635,
          0.2902486329460896,
          0.343221092842223,
          0.34680405465039366,
          0.38994078043639924,
          0.44848666259271486,
          0.5185392155868844,
          0.545838886533347,
          0.5759716863371839,
          0.6310736503959665
        ],
        "var_hessian_est": [
          [
            1.7769151903708316,
            -0.13272070778087366
          ],
          [
            -0.13272070778087366,
            1.360024786946465
          ]
        ],
        "var_coupling": [
          [
            0.0,
            0.08537523659842784
          ],
          [
            0.08537523659842784,
            0.0
          ]
        ],
        "var_coupling_strength": 0.08537523659842784,
        "ari": 0.008575318090705428
      },
      "sigma_0.6036": {
        "sigma": 0.6036483108697694,
        "sample_eigengap": 0.1114902712902846,
        "sample_n_clusters": 3,
        "sample_eigenvalues": [
          9.466631377961651e-13,
          0.13246767884754299,
          0.21022279976643615,
          0.32171307105672076,
          0.3249945385115281,
          0.33788941269010525,
          0.4074061511638418,
          0.4364967507828972,
          0.518761705039918,
          0.6056899003246322,
          0.6798512915560333
        ],
        "var_hessian_est": [
          [
            1.625803417812825,
            -0.027714643569366437
          ],
          [
            -0.027714643569366437,
            1.4134430016167154
          ]
        ],
        "var_coupling": [
          [
            0.0,
            0.018282522834832778
          ],
          [
            0.018282522834832778,
            0.0
          ]
        ],
        "var_coupling_strength": 0.018282522834832778,
        "ari": 0.002267205685917166
      },
      "sigma_0.6776": {
        "sigma": 0.6776222798065362,
        "sample_eigengap": 0.1558466200552835,
        "sample_n_clusters": 3,