{
  "timestamp": "2026-02-07T18:00:50.318943",
  "experiment_name": "diffusion_tb_analysis",
  "config": {
    "dataset": "make_moons",
    "n_samples": 1000,
    "noise": 0.08,
    "T": 200,
    "schedule": "cosine (Nichol & Dhariwal 2021)",
    "score_model": "MLPRegressor(256,256,128)",
    "parameterization": "epsilon (predict noise)",
    "n_sigma_levels": 10,
    "n_augment": 6,
    "sample_sub_n": 400,
    "cluster_detection": "k-means + silhouette on unit score vectors",
    "silhouette_threshold": 0.45,
    "eigengap": "lambda_2 - lambda_1 of normalized Laplacian"
  },
  "metrics": {
    "sigma_levels": [
      0.049871489331078774,
      0.06579242470924548,
      0.09722869918562797,
      0.1361445852221282,
      0.18243709907656583,
      0.25853873404112543,
      0.3549739650175276,
      0.49582771697643324,
      0.6835317373025963,
      0.9493978300750973
    ],
    "per_sigma": {
      "sigma_0.0499": {
        "sigma": 0.049871489331078774,
        "sample_eigengap": 0.09596076107423002,
        "sample_silhouette": 0.4846358848559396,
        "sample_n_clusters": 2,
        "sample_eigenvalues": [
          1.0009770790020411e-12,
          0.12912217109514756,
          0.22508293216937758,
          0.5004570644044065,
          0.5950506962083575,
          0.8177736398830442,
          0.8363288720579682,
          0.9423690427889141,
          0.9476413251642323,
          0.9913112455875341,
          0.9920471570948294
        ],
        "var_hessian_est": [
          [
            54.805985065633436,
            0.5809964558993365
          ],
          [
            0.5809964558993365,
            29.530501260347794
          ]
        ],
        "var_coupling": [
          [
            0.0,
            0.014441891515586181
          ],
          [
            0.014441891515586181,
            0.0
          ]
        ],
        "var_coupling_strength": 0.014441891515586181,
        "ari": -0.000396448320493043
      },
      "sigma_0.0658": {
        "sigma": 0.06579242470924548,
        "sample_eigengap": 0.08575369468133509,
        "sample_silhouette": 0.4722032897549163,
        "sample_n_clusters": 2,
        "sample_eigenvalues": [
          9.834355552129637e-13,
          0.1551215667011151,
          0.2408752613824502,
          0.5305665194028404,
          0.6031518294570559,
          0.8204503680880868,
          0.8437530534682987,
          0.946569795328694,
          0.955060043497515,
          0.9930480573658825,
          0.9952021844508491
        ],
        "var_hessian_est": [
          [
            43.13225211290411,
            0.8931195813718519
          ],
          [
            0.8931195813718519,
            23.963526275845986
          ]
        ],
        "var_coupling": [
          [
            0.0,
            0.027780059997134027
          ],
          [
            0.027780059997134027,
            0.0
          ]
        ],
        "var_coupling_strength": 0.027780059997134027,
        "ari": 0.0048071677901669
      },
      "sigma_0.0972": {
        "sigma": 0.09722869918562797,
        "sample_eigengap": 0.0764852033478094,
        "sample_silhouette": 0.46276727985487737,
        "sample_n_clusters": 2,
        "sample_eigenvalues": [
          9.636735853746359e-13,
          0.173830829544655,
          0.2503160328924644,
          0.5563521631814088,
          0.6283641019207575,
          0.8363241489649892,
          0.8635989008850093,
          0.9524811084555882,
          0.9673349526896391,
          0.9970612115311056,
          0.9981794330910151
        ],
        "var_hessian_est": [
          [
            29.27367542510836,
            1.075973457669352
          ],
          [
            1.075973457669352,
            15.513131256848522
          ]
        ],
        "var_coupling": [
          [
            0.0,
            0.05049090977432547
          ],
          [
            0.05049090977432547,
            0.0
          ]
        ],
        "var_coupling_strength": 0.05049090977432547,
        "ari": 0.006538170831006864
      },
      "sigma_0.1361": {
        "sigma": 0.1361445852221282,
        "sample_eigengap": 0.09660405978028175,
        "sample_silhouette": 0.47311726278707267,
        "sample_n_clusters": 2,
        "sample_eigenvalues": [
          9.71001057337162e-13,
          0.16384587641173554,
          0.2604499361920173,
          0.5413476844434831,
          0.6235108825570762,
          0.8269328732350365,
          0.8500578302897335,
          0.9476085348279569,
          0.9635552047020827,
          0.9958009065479205,
          0.9965098107589935
        ],
        "var_hessian_est": [
          [
            19.217627172876348,
            0.05251699469020381
          ],
          [
            0.05251699469020381,
            11.046668088617958
          ]
        ],
        "var_coupling": [
          [
            0.0,
            0.0036044111845347946
          ],
          [
            0.0036044111845347946,
            0.0
          ]
        ],
        "var_coupling_strength": 0.0036044111845347946,
        "ari": -0.0024798806491483326
      },
      "sigma_0.1824": {
        "sigma": 0.18243709907656583,
        "sample_eigengap": 0.0485455672415972,
        "sample_silhouette": 0.44059711531441864,
        "sample_n_clusters": 1,
        "sample_eigenvalues": [
          9.590106486712102e-13,
          0.196934198992624,
          0.2454797662342212,
          0.5613445904548549,
          0.6263827881012177,
          0.851236679832239,
          0.8630625411014192,
          0.9592363470216577,
          0.9664758860804178,
          0.9975723202603151,
          0.9985029940642602
        ],
        "var_hessian_est": [
          [
            12.45350987659403,
            0.0765192436894817
          ],
          [
            0.0765192436894817,
            8.373519473242698
          ]
        ],
        "var_coupling": [
          [
            0.0,
            0.007493259345833225
          ],
          [
            0.007493259345833225,
            0.0
          ]
        ],
        "var_coupling_strength": 0.007493259345833225,
        "ari": 0.0
      },
      "sigma_0.2585": {
        "sigma": 0.25853873404112543,
        "sample_eigengap": 0.005903199905729739,
        "sample_silhouette": 0.428084959936905,
        "sample_n_clusters": 1,
        "sample_eigenvalues": [
          9.587886040662852e-13,
          0.21497464853147408,
          0.22087784843720382,
          0.5383579824621646,
          0.6297388567170205,
          0.8419789511964073,
          0.8557786182773408,
          0.9536193040851632,
          0.9650808852440054,
          0.9968923713705635,
          0.9979918539479148
        ],
        "var_hessian_est": [
          [
            5.272617659248022,
            0.07977378882819583
          ],
          [
            0.07977378882819583,
            4.261623641593558
          ]
        ],
        "var_coupling": [
          [
            0.0,
            0.01682904721030929
          ],
          [
            0.01682904721030929,
            0.0
          ]
        ],
        "var_coupling_strength": 0.01682904721030929,
        "ari": 0.0
      },
      "sigma_0.3550": {
        "sigma": 0.3549739650175276,
        "sample_eigengap": 0.0772120795148229,
        "sample_silhouette": 0.4584546745665915,
        "sample_n_clusters": 2,
        "sample_eigenvalues": [
          9.585665594613602e-13,
          0.1828373567780287,
          0.2600494362928516,
          0.5552764879804526,
          0.6361570678686741,
          0.8446732196642952,
          0.854741157641713,
          0.9570514464401815,
          0.9636080120609636,
          0.9970037378344034,
          0.9979183486968504
        ],