{
  "timestamp": "2026-02-07T15:02:50.968140",
  "experiment_name": "persistence_blanket_comparison",
  "config": {
    "n_trials_symmetric": 10,
    "n_trials_asymmetric": 5,
    "n_trials_nonbimodal": 5,
    "n_bootstrap": 200,
    "intra_strength": 6.0,
    "blanket_strength": 0.8
  },
  "metrics": {
    "symmetric": {
      "otsu": {
        "mean_ari": 1.0,
        "std_ari": 0.0,
        "mean_f1": 0.86,
        "std_f1": 0.09165151389911678,
        "per_trial_ari": [
          1.0,
          1.0,
          1.0,
          1.0,
          1.0,
          1.0,
          1.0,
          1.0,
          1.0,
          1.0
        ],
        "per_trial_f1": [
          0.8,
          1.0,
          0.8,
          1.0,
          0.8,
          0.8,
          1.0,
          0.8,
          0.8,
          0.8
        ]
      },
      "persistence": {
        "mean_ari": 0.1452963658846012,
        "std_ari": 0.10997388945786389,
        "mean_f1": 0.5794444444444443,
        "std_f1": 0.1485952743378993,
        "per_trial_ari": [
          0.24242424242424243,
          0.11764705882352941,
          0.11764705882352941,
          0.32432432432432434,
          0.11764705882352941,
          0.11764705882352941,
          0.24242424242424243,
          0.11764705882352941,
          0.16666666666666666,
          -0.1111111111111111
        ],
        "per_trial_f1": [
          0.75,
          0.6666666666666666,
          0.5,
          0.4444444444444444,
          0.5,
          0.6666666666666666,
          0.75,
          0.6666666666666666,
          0.6,
          0.25
        ]
      },
      "coupling": {
        "mean_ari": 1.0,
        "std_ari": 0.0,
        "mean_f1": 1.0,
        "std_f1": 0.0,
        "per_trial_ari": [
          1.0,
          1.0,
          1.0,
          1.0,
          1.0,
          1.0,
          1.0,
          1.0,
          1.0,
          1.0
        ],
        "per_trial_f1": [
          1.0,
          1.0,
          1.0,
          1.0,
          1.0,
          1.0,
          1.0,
          1.0,
          1.0,
          1.0
        ]
      },
      "ari_difference": 0.8547036341153988,
      "symmetric_pass": false
    },
    "asymmetric": {
      "2 objects: 3+8 vars": {
        "otsu": {
          "mean_ari": 0.4398672601272984,
          "std_ari": 0.11206664900745111,
          "mean_f1": 0.6833333333333332,
          "std_f1": 0.033333333333333354,
          "per_trial_ari": [
            0.45,
            0.23707440100882723,
            0.5801526717557252,
            0.4821092278719397,
            0.45
          ],
          "per_trial_f1": [
            0.6666666666666666,
            0.75,
            0.6666666666666666,
            0.6666666666666666,
            0.6666666666666666
          ]
        },
        "persistence": {
          "mean_ari": 0.28893605218077123,
          "std_ari": 0.2445851160255574,
          "mean_f1": 0.20955710955710954,
          "std_f1": 0.07774652846191482,
          "per_trial_ari": [
            0.23027989821882952,
            0.047936085219707054,
            0.1293874741913283,
            0.28756476683937826,
            0.7495120364346128
          ],
          "per_trial_f1": [
            0.36363636363636365,
            0.16666666666666666,
            0.15384615384615385,
            0.18181818181818182,
            0.18181818181818182
          ]
        },
        "coupling": {
          "mean_ari": 0.8399024072869226,
          "std_ari": 0.2177558375467912,
          "mean_f1": 0.4800000000000001,
          "std_f1": 0.41182520563948,
          "per_trial_ari": [
            1.0,
            0.45,
            1.0,
            1.0,
            0.7495120364346128
          ],
          "per_trial_f1": [
            1.0,
            0.6,
            0.0,
            0.8,
            0.0
          ]
        },
        "persistence_improvement_over_otsu": -0.15093120794652715,
        "persistence_improves": false
      },
      "3 objects: 2+2+10 vars": {
        "otsu": {
          "mean_ari": 0.2279020934223584,
          "std_ari": 0.00841082191580681,
          "mean_f1": 0.6,
          "std_f1": 0.0,
          "per_trial_ari": [
            0.22369668246445498,
            0.244723737253972,
            0.22369668246445498,
            0.22369668246445498,
            0.22369668246445498
          ],
          "per_trial_f1": [
            0.6,
            0.6,
            0.6,
            0.6,
            0.6
          ]
        },
        "persistence": {
          "mean_ari": 0.18045044640491653,
          "std_ari": 0.047247211040476314,
          "mean_f1": 0.25142857142857145,
          "std_f1": 0.09797958971132714,
          "per_trial_ari": [
            0.16875,
            0.10377131876050925,
            0.2304904566320367,
            0.16875,
            0.2304904566320367
          ],
          "per_trial_f1": [
            0.2857142857142857,
            0.4,
            0.14285714285714285,
            0.2857142857142857,
            0.14285714285714285
          ]
        },
        "coupling": {
          "mean_ari": 0.7881473742949165,
          "std_ari": 0.2595523408190449,
          "mean_f1": 0.7944444444444445,
          "std_f1": 0.3020506048681819,
          "per_trial_ari": [
            1.0,
            0.45974827831868914,
            1.0,
            1.0,
            0.48098859315589354
          ],
          "per_trial_f1": [
            1.0,
            0.2222222222222222,
            1.0,
            1.0,
            0.75
          ]
        },
        "persistence_improvement_over_otsu": -0.04745164701744187,
        "persistence_improves": false
      },
      "3 objects: 3+5+7 vars": {
        "otsu": {
          "mean_ari": 0.9252164784659627,
          "std_ari": 0.12862324640147213,
          "mean_f1": 0.8914285714285715,
          "std_f1": 0.09107072828862414,
          "per_trial_ari": [
            0.9558266722759782,
            1.0,
            1.0,
            0.6702557200538358,
            1.0
          ],
          "per_trial_f1": [
            0.8,
            1.0,
            0.8571428571428571,
            0.8,
            1.0
          ]
        },
        "persistence": {
          "mean_ari": 0.22041548916208914,
          "std_ari": 0.10898085285806329,
          "mean_f1": 0.2280529755761954,
          "std_f1": 0.07155507419725045,
          "per_trial_ari": [
            0.13100898045430534,
            0.20760819343908826,
            0.08921933085501858,
            0.27892234548335976,
            0.3953185955786736
          ],
          "per_trial_f1": [
            0.3333333333333333,
            0.21052631578947367,
            0.1111111111111111,
            0.23529411764705882,
            0.25
          ]
        },
        "coupling": {
          "mean_ari": 0.9057873485868102,
          "std_ari": 0.1153864616385077,
          "mean_f1": 0.52,
          "std_f1": 0.4308131845707604,
          "per_trial_ari": [
            1.0,
            0.7644683714670256,
            1.0,
            0.7644683714670256,
            1.0
          ],
          "per_trial_f1": [
            1.0,
            0.8,
            0.0,
            0.8,
            0.0
          ]
        },
        "persistence_improvement_over_otsu": -0.7048009893038736,
        "persistence_improves": false
      },
      "4 objects: 2+3+4+5 vars": {
        "otsu": {
          "mean_ari": 0.8655059636416942,
          "std_ari": 0.13277201308796113,
          "mean_f1": 0.8533333333333333,
          "std_f1": 0.04354648431614534,
          "per_trial_ari": [
            0.6408839779005525,
            0.7845303867403315,
            0.9673718178558623,
            0.9673718178558623,
            0.9673718178558623
          ],
          "per_trial_f1": [
            0.8,
            0.8,
            0.8888888888888888,
            0.8888888888888888,
            0.8888888888888888
          ]
        },