{
  "timestamp": "2026-02-07T04:56:25.596494",
  "experiment_name": "ising_model",
  "config": {
    "lattice_size": 8,
    "n_spins": 64,
    "Tc": 2.269185314213022,
    "J": 1.0,
    "h": 0.0,
    "key_temperatures": [
      1.0,
      2.269185314213022,
      4.0
    ],
    "sweep_temperatures": [
      0.5,
      1.0,
      1.5,
      2.0,
      2.269185314213022,
      2.5,
      3.0,
      3.5,
      4.0,
      5.0
    ]
  },
  "metrics": {
    "0.5": {
      "temperature": 0.5,
      "T_over_Tc": 0.22034339675488573,
      "n_blanket": 0,
      "blanket_fraction": 0.0,
      "eigengap": 0.0,
      "n_clusters_spectral": 1,
      "eigenvalues": [
        0.0,
        0.0,
        0.0,
        0.0,
        0.0,
        0.0,
        0.0,
        0.0,
        0.0,
        0.0
      ]
    },
    "1.0": {
      "temperature": 1.0,
      "T_over_Tc": 0.44068679350977147,
      "n_blanket": 12,
      "blanket_fraction": 0.1875,
      "eigengap": 0.5678298613265739,
      "n_clusters_spectral": 15,
      "eigenvalues": [
        -3.674217696755415e-15,
        -3.270157833099125e-15,
        -1.9548805280364154e-15,
        -1.3474124356410772e-15,
        -8.842542059364648e-16,
        -3.661812908049524e-16,
        -2.712693033523089e-16,
        -2.4068392110350427e-16,
        8.369018258197033e-16,
        2.264436783573711e-15
      ]
    },
    "1.5": {
      "temperature": 1.5,
      "T_over_Tc": 0.6610301902646573,
      "n_blanket": 18,
      "blanket_fraction": 0.28125,
      "eigengap": 43.27402073891164,
      "n_clusters_spectral": 1,
      "eigenvalues": [
        3.552713678800501e-14,
        43.27402073891167,
        45.49123868491989,
        46.13752225754991,
        47.27274921281204,
        47.93410356966441,
        48.508343985134964,
        48.88977277845863,
        49.017396410653774,
        49.45812837533625
      ]
    },
    "2.0": {
      "temperature": 2.0,
      "T_over_Tc": 0.8813735870195429,
      "n_blanket": 26,
      "blanket_fraction": 0.40625,
      "eigengap": 45.39251046886472,
      "n_clusters_spectral": 1,
      "eigenvalues": [
        4.973799150320701e-14,
        45.39251046886477,
        48.87761610613829,
        49.36637194185844,
        50.53573090606074,
        50.89276558456034,
        51.33686814895567,
        51.56869973382359,
        51.947314857676844,
        52.19557726497599
      ]
    },
    "2.269185314213022": {
      "temperature": 2.269185314213022,
      "T_over_Tc": 1.0,
      "n_blanket": 28,
      "blanket_fraction": 0.4375,
      "eigengap": 63.99999999999972,
      "n_clusters_spectral": 1,
      "eigenvalues": [
        1.2789769243681803e-13,
        63.99999999999985,
        63.99999999999989,
        63.99999999999989,
        63.9999999999999,
        63.9999999999999,
        63.9999999999999,
        63.9999999999999,
        63.99999999999992,
        63.99999999999992
      ]
    },
    "2.5": {
      "temperature": 2.5,
      "T_over_Tc": 1.1017169837744287,
      "n_blanket": 24,
      "blanket_fraction": 0.375,
      "eigengap": 63.99999999999972,
      "n_clusters_spectral": 1,
      "eigenvalues": [
        1.2789769243681803e-13,
        63.99999999999985,
        63.99999999999989,
        63.99999999999989,
        63.9999999999999,
        63.9999999999999,
        63.9999999999999,
        63.9999999999999,
        63.99999999999992,
        63.99999999999992
      ]
    },
    "3.0": {
      "temperature": 3.0,
      "T_over_Tc": 1.3220603805293145,
      "n_blanket": 29,
      "blanket_fraction": 0.453125,
      "eigengap": 63.99999999999972,
      "n_clusters_spectral": 1,
      "eigenvalues": [
        1.2789769243681803e-13,
        63.99999999999985,
        63.99999999999989,
        63.99999999999989,
        63.9999999999999,
        63.9999999999999,
        63.9999999999999,
        63.9999999999999,
        63.99999999999992,
        63.99999999999992
      ]
    },
    "3.5": {
      "temperature": 3.5,
      "T_over_Tc": 1.5424037772842003,
      "n_blanket": 24,
      "blanket_fraction": 0.375,
      "eigengap": 58.11909223006188,
      "n_clusters_spectral": 1,
      "eigenvalues": [
        2.7881490125944695e-14,
        58.11909223006191,
        58.97801538658874,
        59.65823087980384,
        59.82991351337398,
        60.24540174553906,
        60.31191389403029,
        60.81060101166257,
        61.00000000000001,
        61.109277083155156
      ]
    },
    "4.0": {
      "temperature": 4.0,
      "T_over_Tc": 1.7627471740390859,
      "n_blanket": 24,
      "blanket_fraction": 0.375,
      "eigengap": 57.4915971909151,
      "n_clusters_spectral": 1,
      "eigenvalues": [
        2.5525428188353626e-14,
        57.49159719091513,
        57.89638085320447,
        59.06213201418218,
        59.68854531026027,
        60.30202148551113,
        60.62663286087538,
        60.82334453776209,
        61.04444713069078,
        61.52982496185135
      ]
    },
    "5.0": {
      "temperature": 5.0,
      "T_over_Tc": 2.2034339675488575,
      "n_blanket": 29,
      "blanket_fraction": 0.453125,
      "eigengap": 47.408493536162794,
      "n_clusters_spectral": 1,
      "eigenvalues": [
        2.842170943040401e-14,
        47.40849353616282,
        51.14909349002487,
        51.275551178353524,
        51.72618780991307,
        52.43432097208051,
        52.65417552981042,
        53.105646305223985,
        53.606445808183075,
        54.03847013647075
      ]
    }
  },
  "notes": "US-020: 2D Ising model. TB detects domain walls. Phase transition in eigengap."
}