{
  "timestamp": "2026-02-05T18:38:30.241905",
  "experiment_name": "quadratic_toy_demo",
  "config": {
    "n_objects": 2,
    "vars_per_object": 3,
    "vars_per_blanket": 3,
    "intra_strength": 6.0,
    "blanket_strength": 0.8
  },
  "metrics": {
    "tc": {
      "object_ari": 1.0,
      "blanket_f1": 0.8,
      "full_ari": 0.6428571428571429
    },
    "dmbd": {
      "object_ari": 0.32432432432432434,
      "blanket_f1": 0.0,
      "full_ari": 0.6428571428571429
    },
    "axiom": {
      "object_ari": 0.7058823529411765,
      "blanket_f1": 0.0,
      "full_ari": 0.6428571428571429
    }
  },
  "notes": "Single example: 2 objects, blanket_strength=0.8"
}