{
  "timestamp": "2026-02-07T15:45:33.054991",
  "experiment_name": "diffusion_tb_analysis",
  "config": {
    "dataset": "make_moons",
    "n_samples": 1000,
    "noise": 0.08,
    "T": 100,
    "beta_min": 0.0001,
    "beta_max": 0.02,
    "score_model": "MLPRegressor(256,256)",
    "n_sigma_levels": 10,
    "n_augment": 5
  },
  "metrics": {
    "sigma_levels": [
      0.009999999999999449,
      0.11989154836678584,
      0.22769565097971833,
      0.33152602019891175,
      0.4296887606445435,
      0.5207607537537945,
      0.6036483108697694,
      0.6776222798065362,
      0.7423278904506586,
      0.7977698615167834
    ],
    "per_sigma": {
      "sigma_0.0100": {
        "sigma": 0.009999999999999449,
        "eigengap": 2.0,
        "n_clusters_eigengap": 1,
        "hessian_est": [
          [
            15.544669294030488,
            -1.1111822851549646
          ],
          [
            -1.1111822851549646,
            13.42066078649276
          ]
        ],
        "coupling": [
          [
            0.0,
            0.0769321046234864
          ],
          [
            0.0769321046234864,
            0.0
          ]
        ],
        "ari": 0.016398654314784846
      },
      "sigma_0.1199": {
        "sigma": 0.11989154836678584,
        "eigengap": 2.0,
        "n_clusters_eigengap": 1,
        "hessian_est": [
          [
            7.329474580989014,
            0.49181766745093325
          ],
          [
            0.49181766745093325,
            6.559094576278926
          ]
        ],
        "coupling": [
          [
            0.0,
            0.07093257964830259
          ],
          [
            0.07093257964830259,
            0.0
          ]
        ],
        "ari": 0.04521751661369714
      },
      "sigma_0.2277": {
        "sigma": 0.22769565097971833,
        "eigengap": 2.0,
        "n_clusters_eigengap": 1,
        "hessian_est": [
          [
            2.556506985881172,
            0.1554859298391412
          ],
          [
            0.1554859298391412,
            2.042486612898452
          ]
        ],
        "coupling": [
          [
            0.0,
            0.0680437104994625
          ],
          [
            0.0680437104994625,
            0.0
          ]
        ],
        "ari": 0.09941424531065161
      },
      "sigma_0.3315": {
        "sigma": 0.33152602019891175,
        "eigengap": 2.0,
        "n_clusters_eigengap": 1,
        "hessian_est": [
          [
            1.4051888807139192,
            0.03901772046020302
          ],
          [
            0.03901772046020302,
            0.9605113006706704
          ]
        ],
        "coupling": [
          [
            0.0,
            0.033584840735572045
          ],
          [
            0.033584840735572045,
            0.0
          ]
        ],
        "ari": 0.04522359217905431
      },
      "sigma_0.4297": {
        "sigma": 0.4296887606445435,
        "eigengap": 2.0,
        "n_clusters_eigengap": 1,
        "hessian_est": [
          [
            1.0233985380610957,
            0.03414566730823117
          ],
          [
            0.03414566730823117,
            0.7031555408394234
          ]
        ],
        "coupling": [
          [
            0.0,
            0.04025200308348584
          ],
          [
            0.04025200308348584,
            0.0
          ]
        ],
        "ari": -0.002240125615537453
      },
      "sigma_0.5208": {
        "sigma": 0.5207607537537945,
        "eigengap": 2.0,
        "n_clusters_eigengap": 1,
        "hessian_est": [
          [
            0.8223814544526808,
            0.016651795602864082
          ],
          [
            0.016651795602864082,
            0.6270633878453674
          ]
        ],
        "coupling": [
          [
            0.0,
            0.0231882879557228
          ],
          [
            0.0231882879557228,
            0.0
          ]
        ],
        "ari": -0.003310370910966725
      },
      "sigma_0.6036": {
        "sigma": 0.6036483108697694,
        "eigengap": 2.0,
        "n_clusters_eigengap": 1,
        "hessian_est": [
          [
            0.7416917310304053,
            -0.040910509244423875
          ],
          [
            -0.040910509244423875,
            0.6022895337489945
          ]
        ],
        "coupling": [
          [
            0.0,
            0.06120973484022263
          ],
          [
            0.06120973484022263,
            0.0
          ]
        ],
        "ari": 0.009537110590562605
      },
      "sigma_0.6776": {
        "sigma": 0.6776222798065362,
        "eigengap": 2.0,
        "n_clusters_eigengap": 1,
        "hessian_est": [
          [
            0.7436699961427005,
            -0.08981767566901691
          ],
          [
            -0.08981767566901691,
            0.5911011143053838
          ]
        ],
        "coupling": [
          [
            0.0,
            0.13546926745358484
          ],
          [
            0.13546926745358484,
            0.0
          ]
        ],
        "ari": 0.04231636486546748
      },
      "sigma_0.7423": {
        "sigma": 0.7423278904506586,
        "eigengap": 2.0,
        "n_clusters_eigengap": 1,
        "hessian_est": [
          [
            0.7714243641396029,
            -0.1271482511668992
          ],
          [
            -0.1271482511668992,
            0.5864554399830715
          ]
        ],
        "coupling": [
          [
            0.0,
            0.18903672964007395
          ],
          [
            0.18903672964007395,
            0.0
          ]
        ],
        "ari": 0.06448494275159776
      },
      "sigma_0.7978": {
        "sigma": 0.7977698615167834,
        "eigengap": 2.0,
        "n_clusters_eigengap": 1,
        "hessian_est": [
          [
            0.8034400887005574,
            -0.1586752856314515
          ],
          [
            -0.1586752856314515,
            0.5902005917438037
          ]
        ],
        "coupling": [
          [
            0.0,
            0.23042665167362927
          ],
          [
            0.23042665167362927,
            0.0
          ]
        ],
        "ari": 0.0791028532682772
      }
    },
    "structure_emergence": {
      "clusters_vs_sigma": [
        [
          0.009999999999999449,
          1
        ],
        [
          0.11989154836678584,
          1
        ],
        [
          0.22769565097971833,
          1
        ],
        [
          0.33152602019891175,
          1
        ],
        [
          0.4296887606445435,
          1
        ],
        [
          0.5207607537537945,
          1
        ],
        [
          0.6036483108697694,
          1
        ],
        [
          0.6776222798065362,
          1
        ],
        [
          0.7423278904506586,
          1
        ],
        [
          0.7977698615167834,
          1
        ]
      ],
      "eigengap_vs_sigma": [
        [
          0.009999999999999449,
          2.0
        ],
        [
          0.11989154836678584,
          2.0
        ],
        [
          0.22769565097971833,
          2.0
        ],
        [
          0.33152602019891175,
          2.0
        ],
        [
          0.4296887606445435,
          2.0
        ],
        [
          0.5207607537537945,
          2.0
        ],
        [
          0.6036483108697694,
          2.0
        ],
        [
          0.6776222798065362,
          2.0
        ],
        [
          0.7423278904506586,
          2.0
        ],
        [
          0.7977698615167834,
          2.0
        ]
      ],