{
  "timestamp": "2026-02-09T15:22:08.807749",
  "experiment_name": "pandas_ensemble_analysis",
  "config": {
    "n_episodes": 20,
    "max_steps": 50,
    "max_jacobian_samples": 300,
    "detection_method": "hybrid",
    "n_objects": 2,
    "env_id": "FetchPush-v4",
    "model_hidden_size": 256,
    "model_depth": 2
  },
  "metrics": {
    "model_status": "trained",
    "n_samples": 1500,
    "n_env_transitions": 1000,
    "obs_dim": 25,
    "ensemble_size": 5,
    "primary_method": "fisher_coupling_3obj",
    "primary_ari": 0.18590882178804027,
    "primary_blanket_f1": 0.15384615384615385,
    "primary_assignment": [
      0,
      -1,
      1,
      -1,
      -1,
      -1,
      0,
      -1,
      1,
      1,
      1,
      -1,
      1,
      -1,
      2,
      2,
      1,
      -1,
      -1,
      -1,
      2,
      2,
      1,
      1,
      1
    ],
    "primary_blankets": [
      1,
      3,
      4,
      5,
      7,
      11,
      13,
      17,
      18,
      19
    ],
    "primary_objects": {
      "0": [
        0,
        6
      ],
      "1": [
        2,
        8,
        9,
        10,
        12,
        16,
        22,
        23,
        24
      ],
      "2": [
        14,
        15,
        20,
        21
      ]
    },
    "multi_method": {
      "sensitivity_hybrid_2obj": {
        "ari": -0.014865637507146942,
        "blanket_f1": 0.4,
        "n_blanket_vars": 12,
        "n_objects": 2
      },
      "sensitivity_gradient_2obj": {
        "ari": -0.014865637507146942,
        "blanket_f1": 0.4,
        "n_blanket_vars": 12,
        "n_objects": 2
      },
      "sensitivity_coupling_2obj": {
        "ari": -0.07246376811594203,
        "blanket_f1": 0.15384615384615385,
        "n_blanket_vars": 10,
        "n_objects": 2
      },
      "fisher_hybrid_2obj": {
        "ari": 0.168100975329891,
        "blanket_f1": 0.14285714285714285,
        "n_blanket_vars": 11,
        "n_objects": 2
      },
      "fisher_coupling_2obj": {
        "ari": 0.13657770800627944,
        "blanket_f1": 0.3333333333333333,
        "n_blanket_vars": 3,
        "n_objects": 2
      },
      "fisher_hybrid_3obj": {
        "ari": 0.07653664302600473,
        "blanket_f1": 0.0,
        "n_blanket_vars": 12,
        "n_objects": 3
      },
      "fisher_coupling_3obj": {
        "ari": 0.18590882178804027,
        "blanket_f1": 0.15384615384615385,
        "n_blanket_vars": 10,
        "n_objects": 3
      }
    },
    "disagreement_per_var": [
      0.37794700264930725,
      0.2599300444126129,
      0.4653377830982208,
      0.3944425582885742,
      0.4740884006023407,
      0.6647230386734009,
      0.36348918080329895,
      0.2515767514705658,
      0.403921514749527,
      10.494237899780273,
      13.28969669342041,
      0.22672760486602783,
      0.3047086298465729,
      0.2393799126148224,
      4.655356407165527,
      5.127493381500244,
      9.095358848571777,
      2.8296780586242676,
      3.2095530033111572,
      3.4580790996551514,
      7.300636291503906,
      5.34864616394043,
      8.869318962097168,
      7.122246265411377,
      8.529067039489746
    ],
    "mean_sensitivity_per_var": [
      1.8044263124465942,
      1.288691759109497,
      1.888306736946106,
      2.0655319690704346,
      2.192185401916504,
      3.4695088863372803,
      1.717993974685669,
      1.2642312049865723,
      1.9947603940963745,
      45.033363342285156,
      80.581787109375,
      1.1120829582214355,
      1.452639102935791,
      1.1609618663787842,
      55.6295051574707,
      48.287540435791016,
      65.82032775878906,
      27.575260162353516,
      36.9266242980957,
      39.51279067993164,
      66.56192779541016,
      55.8842887878418,
      81.13707733154297,
      53.5562744140625,
      50.90986251831055
    ],
    "obs_labels": [
      "grip_x",
      "grip_y",
      "grip_z",
      "obj_x",
      "obj_y",
      "obj_z",
      "rel_x",
      "rel_y",
      "rel_z",
      "grip_state_0",
      "grip_state_1",
      "obj_rot_0",
      "obj_rot_1",
      "obj_rot_2",
      "obj_velp_x",
      "obj_velp_y",
      "obj_velp_z",
      "obj_velr_x",
      "obj_velr_y",
      "obj_velr_z",
      "grip_velp_x",
      "grip_velp_y",
      "extra_0",
      "extra_1",
      "extra_2"
    ],
    "semantic_interpretation": {
      "object_0": {
        "variables": [
          "grip_x",
          "rel_x"
        ],
        "dominant_group": "gripper"
      },
      "object_1": {
        "variables": [
          "grip_z",
          "rel_z",
          "grip_state_0",
          "grip_state_1",
          "obj_rot_1",
          "obj_velp_z",
          "extra_0",
          "extra_1",
          "extra_2"
        ],
        "dominant_group": "gripper"
      },
      "object_2": {
        "variables": [
          "obj_velp_x",
          "obj_velp_y",
          "grip_velp_x",
          "grip_velp_y"
        ],
        "dominant_group": "gripper"
      },
      "blanket": {
        "variables": [
          "grip_y",
          "obj_x",
          "obj_y",
          "obj_z",
          "rel_y",
          "obj_rot_0",
          "obj_rot_2",
          "obj_velr_x",
          "obj_velr_y",
          "obj_velr_z"
        ]
      }
    }
  },
  "notes": "TB analysis of pandas Bayes ensemble (trained) on FetchPush-v4. Primary method: fisher_coupling_3obj. ARI=0.186, Blanket F1=0.154. Discovered 3 objects and 10 blanket variables."
}