{
  "timestamp": "2026-02-07T04:56:42.237828",
  "experiment_name": "non_gaussian_landscapes",
  "config": {
    "landscapes": [
      "double_well_6D",
      "mexican_hat_4D",
      "gmm_K3_separated",
      "gmm_K3_overlapping"
    ],
    "langevin_samples": 5000
  },
  "metrics": {
    "double_well_6D": {
      "dim": 6,
      "n_objects_found": 2,
      "n_blanket": 1,
      "assignment": [
        -1,
        0,
        0,
        0,
        1,
        1
      ],
      "is_blanket": [
        true,
        false,
        false,
        false,
        false,
        false
      ],
      "hessian_est": [
        [
          2.4523146664477364,
          -0.1377101525494234,
          0.14518172237085214,
          0.13551288649037652,
          -0.1338920370028851,
          -0.032841008006474326
        ],
        [
          -0.1377101525494234,
          1.8548700765721367,
          -0.15164130582398563,
          -0.12828244374895223,
          0.061853920250714636,
          -0.060459620948979574
        ],
        [
          0.14518172237085214,
          -0.15164130582398563,
          1.6144526935500287,
          0.13746125762269068,
          0.08125752120814021,
          -0.0858870134969835
        ],
        [
          0.13551288649037652,
          -0.12828244374895223,
          0.13746125762269068,
          1.9769239073902776,
          0.1089887904237161,
          -0.11173546692448928
        ],
        [
          -0.1338920370028851,
          0.061853920250714636,
          0.08125752120814021,
          0.1089887904237161,
          1.8565298978737428,
          0.12255972598331406
        ],
        [
          -0.032841008006474326,
          -0.060459620948979574,
          -0.0858870134969835,
          -0.11173546692448928,
          0.12255972598331406,
          2.124715032322713
        ]
      ]
    },
    "mexican_hat_4D": {
      "dim": 4,
      "n_blanket": 2,
      "assignment": [
        -1,
        1,
        0,
        -1
      ],
      "is_blanket": [
        true,
        false,
        false,
        true
      ],
      "hessian_est": [
        [
          0.38352558600132064,
          0.15103862351324976,
          0.14305821712998038,
          0.01873486889391673
        ],
        [
          0.15103862351324976,
          0.45300878866364064,
          0.20315364611473755,
          -0.0845341266292697
        ],
        [
          0.14305821712998038,
          0.20315364611473755,
          0.5605215445760763,
          0.04765504848403889
        ],
        [
          0.01873486889391673,
          -0.0845341266292697,
          0.04765504848403889,
          0.34660670275150385
        ]
      ]
    },
    "gmm_K3_separated": {
      "dim": 6,
      "K": 3,
      "separation": "well_separated",
      "gradient": {
        "assignment": [
          -1,
          1,
          -1,
          0,
          -1,
          2
        ],
        "is_blanket": [
          true,
          false,
          true,
          false,
          true,
          false
        ],
        "n_blanket": 3
      },
      "coupling": {
        "assignment": [
          -1,
          -1,
          0,
          1,
          1,
          2
        ],
        "is_blanket": [
          true,
          true,
          false,
          false,
          false,
          false
        ],
        "n_blanket": 2
      },
      "hessian_est": [
        [
          0.8759118005209315,
          0.24925577105749452,
          0.013699358367860176,
          -0.026646015808028202,
          0.008972287622636823,
          -0.07630236762156827
        ],
        [
          0.24925577105749452,
          1.3302722896210444,
          -0.2119490493471181,
          0.3173170225923536,
          0.16247855421158577,
          0.013350953763871382
        ],
        [
          0.013699358367860176,
          -0.2119490493471181,
          0.7404834859945885,
          -0.11157542994896444,
          -0.09453869395351769,
          -0.028416998930643114
        ],
        [
          -0.026646015808028202,
          0.3173170225923536,
          -0.11157542994896444,
          1.0229046550785967,
          0.39598770575455394,
          -0.31961021207685264
        ],
        [
          0.008972287622636823,
          0.16247855421158577,
          -0.09453869395351769,
          0.39598770575455394,
          0.8422401805023054,
          -0.20917962844226487
        ],
        [
          -0.07630236762156827,
          0.013350953763871382,
          -0.028416998930643114,
          -0.31961021207685264,
          -0.20917962844226487,
          1.0227284197905637
        ]
      ]
    },
    "gmm_K3_overlapping": {
      "dim": 6,
      "K": 3,
      "separation": "overlapping",
      "gradient": {
        "assignment": [
          -1,
          -1,
          -1,
          1,
          0,
          2
        ],
        "is_blanket": [
          true,
          true,
          true,
          false,
          false,
          false
        ],
        "n_blanket": 3
      },
      "coupling": {
        "assignment": [
          1,
          0,
          2,
          -1,
          -1,
          -1
        ],
        "is_blanket": [
          false,
          false,
          false,
          true,
          true,
          true
        ],
        "n_blanket": 3
      },
      "hessian_est": [
        [
          0.6436390056969546,
          0.09798999906483578,
          0.13581245971165312,
          -0.11137011526925256,
          -0.12663519147598887,
          0.001447437020608868
        ],
        [
          0.09798999906483578,
          0.795545498325507,
          -0.18774787116840963,
          0.06918792103135449,
          -0.08884759761138625,
          0.1203614839759396
        ],
        [
          0.13581245971165312,
          -0.18774787116840963,
          0.7405443587485211,
          -0.11101836131549683,
          -0.09406865975805109,
          -0.02914139274440205
        ],
        [
          -0.11137011526925256,
          0.06918792103135449,
          -0.11101836131549683,
          1.0251879373445352,
          0.3969433404573178,
          -0.32146324638025964
        ],
        [
          -0.12663519147598887,
          -0.08884759761138625,
          -0.09406865975805109,
          0.3969433404573178,
          0.8418923695676434,
          -0.2090956154184663
        ],
        [
          0.001447437020608868,
          0.1203614839759396,
          -0.02914139274440205,
          -0.32146324638025964,
          -0.2090956154184663,
          1.0232441962158996
        ]
      ]
    }
  },
  "notes": "US-021: TB on double well, Mexican hat, GMM. Tests beyond quadratic assumption."
}