{
  "timestamp": "2026-02-07T20:08:10.098844",
  "experiment_name": "differentiable_topo_loss",
  "config": {
    "synthetic_n_objects": 2,
    "synthetic_vars_per_object": 4,
    "synthetic_vars_per_blanket": 3,
    "synthetic_n_trials": 5,
    "synthetic_topo_weight": 0.1,
    "synthetic_n_epochs": 200,
    "lunarlander_n_transitions": 5000,
    "lunarlander_n_epochs": 80,
    "sweep_weights": [
      0.0,
      0.001,
      0.005,
      0.01,
      0.05,
      0.1,
      0.2,
      0.5,
      1.0
    ],
    "sweep_n_trials": 3
  },
  "metrics": {
    "synthetic": {
      "baseline": {
        "mean_ari": 0.007940446650124066,
        "std_ari": 0.1697415575762985,
        "mean_blanket_f1": 0.23714285714285716,
        "std_blanket_f1": 0.20515797795447133,
        "mean_block_ratio": 0.9376503873295077,
        "mean_recon_loss": 7.2403489809858e-06,
        "per_trial_ari": [
          0.0,
          0.0,
          -0.12903225806451613,
          0.3225806451612903,
          -0.15384615384615385
        ],
        "per_trial_f1": [
          0.0,
          0.0,
          0.2857142857142857,
          0.4,
          0.5
        ]
      },
      "topo_regularized": {
        "mean_ari": -0.03421440644442046,
        "std_ari": 0.18807490596224158,
        "mean_blanket_f1": 0.3476190476190476,
        "std_blanket_f1": 0.1972601445448379,
        "mean_block_ratio": 0.8708146593724224,
        "mean_recon_loss": 0.0023100317222997544,
        "per_trial_ari": [
          -0.15384615384615385,
          0.021505376344086023,
          0.3076923076923077,
          -0.21739130434782608,
          -0.12903225806451613
        ],
        "per_trial_f1": [
          0.3333333333333333,
          0.5,
          0.3333333333333333,
          0.5714285714285714,
          0.0
        ]
      },
      "ari_improved": false,
      "f1_improved": true
    },
    "lunarlander": {
      "baseline": {
        "final_recon": 0.14536044001579285,
        "spectral_gap_ratio": 1.1143501387712313,
        "eigvals": [
          4.4169718880701647e-16,
          0.4507137110330208,
          1.0179900357344946,
          1.527054730771456,
          1.9644115680246752,
          2.2361085672975123,
          3.14275416703656,
          3.2160192650181174
        ]
      },
      "topo_0.01": {
        "final_recon": 0.15024787187576294,
        "spectral_gap_ratio": 4.760237638833335,
        "eigvals": [
          -2.6792350923835005e-16,
          0.6233097992918732,
          1.1187006029812487,
          1.222769095706417,
          1.9862960732699733,
          2.427197080077133,
          3.022592022867443,
          3.085508029328731
        ]
      },
      "topo_0.1": {
        "final_recon": 0.21378423273563385,
        "spectral_gap_ratio": 53.289130722988716,
        "eigvals": [
          2.5392014879610514e-16,
          0.7249921981162215,
          2.140983109544978,
          2.1675549518574027,
          2.4504958019232435,
          2.8848464611365716,
          2.941121016355512,
          3.0000683036838445
        ]
      },
      "topo_0.5": {
        "final_recon": 0.3397778868675232,
        "spectral_gap_ratio": 0.07187895092155594,
        "eigvals": [
          -3.206383929524846e-16,
          1.0583119117114257,
          1.1498073154392214,
          2.4227168645624193,
          2.4774954111762333,
          2.678105009738335,
          2.7529440659770352,
          2.7673957800712716
        ]
      }
    },
    "hyperparameter_sweep": {
      "0.0": {
        "mean_ari": -0.04301075268817204,
        "std_ari": 0.060826389779487955,
        "mean_blanket_f1": 0.09523809523809523,
        "mean_recon_loss": 7.328643625391527e-06,
        "mean_block_ratio": 0.9608464288145142
      },
      "0.001": {
        "mean_ari": 0.10618279569892473,
        "std_ari": 0.1848497028638703,
        "mean_blanket_f1": 0.3333333333333333,
        "mean_recon_loss": 0.0002524299308232811,
        "mean_block_ratio": 1.0325872438939272
      },
      "0.005": {
        "mean_ari": -0.03079710144927536,
        "std_ari": 0.14146683337213506,
        "mean_blanket_f1": 0.2619047619047619,
        "mean_recon_loss": 0.0009171552277014902,
        "mean_block_ratio": 1.0700779222493082
      },
      "0.01": {
        "mean_ari": 0.10256410256410257,
        "std_ari": 0.2614881801842454,
        "mean_blanket_f1": 0.42857142857142855,
        "mean_recon_loss": 0.0013450321744635908,
        "mean_block_ratio": 1.1100118720453491
      },
      "0.05": {
        "mean_ari": -0.08712434518886132,
        "std_ari": 0.07747793086296577,
        "mean_blanket_f1": 0.44047619047619047,
        "mean_recon_loss": 0.0017414350295439363,
        "mean_block_ratio": 1.0367445257662993
      },
      "0.1": {
        "mean_ari": 0.05845051006341329,
        "std_ari": 0.19022468302681214,
        "mean_blanket_f1": 0.38888888888888884,
        "mean_recon_loss": 0.002354473231308576,
        "mean_block_ratio": 1.010740928258034
      },
      "0.2": {
        "mean_ari": 0.021203546500660253,
        "std_ari": 0.017190726615236074,
        "mean_blanket_f1": 0.35714285714285715,
        "mean_recon_loss": 0.002394245775778674,
        "mean_block_ratio": 0.9278516494618989
      },
      "0.5": {
        "mean_ari": -0.08712434518886132,
        "std_ari": 0.07747793086296577,
        "mean_blanket_f1": 0.3833333333333333,
        "mean_recon_loss": 0.0024757859969718587,
        "mean_block_ratio": 0.9438303340803964
      },
      "1.0": {
        "mean_ari": -0.10558988092112555,
        "std_ari": 0.019008640660901188,
        "mean_blanket_f1": 0.3333333333333333,
        "mean_recon_loss": 0.00298150935365508,
        "mean_block_ratio": 0.9599060097069095
      }
    },
    "elapsed_seconds": 2835.716777086258
  },
  "notes": "US-075: Differentiable topological loss (Hu et al. 2019). Persistence-based regularizer computed via graph Laplacian eigenvalues. Synthetic: baseline ARI=0.008, topo ARI=-0.034. ARI improved: False, F1 improved: True."
}