{
  "timestamp": "2026-02-06T05:14:13.106841",
  "experiment_name": "spectral_friston_comparison",
  "config": {
    "vars_per_object": 4,
    "vars_per_blanket": 3,
    "intra_strength": 8.0,
    "blanket_strength": 1.0
  },
  "metrics": {
    "methods": {
      "gradient": {
        "precision": 1.0,
        "recall": 1.0,
        "f1": 1.0,
        "detected_blanket": [
          8,
          9,
          10
        ]
      },
      "spectral": {
        "precision": 0.3333333333333333,
        "recall": 1.0,
        "f1": 0.5,
        "detected_blanket": [
          0,
          2,
          3,
          5,
          6,
          7,
          8,
          9,
          10
        ]
      },
      "hybrid": {
        "precision": 1.0,
        "recall": 1.0,
        "f1": 1.0,
        "detected_blanket": [
          8,
          9,
          10
        ],
        "eigengap": 7.5857864376268935,
        "method_used": "gradient_fallback"
      }
    },
    "hierarchy": [
      {
        "level": 0,
        "internals": [
          1,
          2,
          3,
          4,
          5,
          6,
          7,
          8,
          9,
          10
        ],
        "blanket": [
          0
        ],
        "external": [],
        "eigengap": 7.5857864376268935,
        "n_vars": 11
      },
      {
        "level": 1,
        "internals": [
          1,
          2,
          3,
          4,
          6,
          7,
          10
        ],
        "blanket": [
          5,
          8,
          9
        ],
        "external": [],
        "eigengap": 7.999999999999993,
        "n_vars": 10
      },
      {
        "level": 2,
        "internals": [
          1,
          2,
          3,
          7,
          10
        ],
        "blanket": [
          4,
          6
        ],
        "external": [],
        "eigengap": 4.9999999999999964,
        "n_vars": 7
      }
    ],
    "ground_truth_blanket": [
      8,
      9,
      10
    ],
    "eigvals": [
      1.2434497875801753e-14,
      7.585786437626906,
      8.999999999999996,
      10.414213562373085,
      10.999999999999991
    ]
  },
  "notes": "Spectral vs gradient vs hybrid blanket detection"
}