{
  "timestamp": "2026-02-06T05:19:29.544644",
  "experiment_name": "stress_asymmetric",
  "config": {
    "n_trials": 5,
    "intra_strength": 6.0,
    "blanket_strength": 0.8
  },
  "metrics": {
    "2 objects: 3+8 vars": {
      "object_sizes": [
        3,
        8
      ],
      "blanket_size": 3,
      "total_dimension": 14,
      "n_objects": 2,
      "mean_ari": 0.4398672601272984,
      "std_ari": 0.11206664900745111,
      "mean_f1": 0.6833333333333332,
      "std_f1": 0.033333333333333354,
      "per_trial_ari": [
        0.45,
        0.23707440100882723,
        0.5801526717557252,
        0.4821092278719397,
        0.45
      ],
      "per_trial_f1": [
        0.6666666666666666,
        0.75,
        0.6666666666666666,
        0.6666666666666666,
        0.6666666666666666
      ]
    },
    "3 objects: 2+2+10 vars": {
      "object_sizes": [
        2,
        2,
        10
      ],
      "blanket_size": 3,
      "total_dimension": 17,
      "n_objects": 3,
      "mean_ari": 0.2279020934223584,
      "std_ari": 0.00841082191580681,
      "mean_f1": 0.6,
      "std_f1": 0.0,
      "per_trial_ari": [
        0.22369668246445498,
        0.244723737253972,
        0.22369668246445498,
        0.22369668246445498,
        0.22369668246445498
      ],
      "per_trial_f1": [
        0.6,
        0.6,
        0.6,
        0.6,
        0.6
      ]
    },
    "3 objects: 3+5+7 vars": {
      "object_sizes": [
        3,
        5,
        7
      ],
      "blanket_size": 4,
      "total_dimension": 19,
      "n_objects": 3,
      "mean_ari": 0.9252164784659627,
      "std_ari": 0.12862324640147213,
      "mean_f1": 0.8914285714285715,
      "std_f1": 0.09107072828862414,
      "per_trial_ari": [
        0.9558266722759782,
        1.0,
        1.0,
        0.6702557200538358,
        1.0
      ],
      "per_trial_f1": [
        0.8,
        1.0,
        0.8571428571428571,
        0.8,
        1.0
      ]
    },
    "4 objects: 2+3+4+5 vars": {
      "object_sizes": [
        2,
        3,
        4,
        5
      ],
      "blanket_size": 4,
      "total_dimension": 18,
      "n_objects": 4,
      "mean_ari": 0.8655059636416942,
      "std_ari": 0.13277201308796113,
      "mean_f1": 0.8533333333333333,
      "std_f1": 0.04354648431614534,
      "per_trial_ari": [
        0.6408839779005525,
        0.7845303867403315,
        0.9673718178558623,
        0.9673718178558623,
        0.9673718178558623
      ],
      "per_trial_f1": [
        0.8,
        0.8,
        0.8888888888888888,
        0.8888888888888888,
        0.8888888888888888
      ]
    },
    "5 equal objects: 5x5 vars": {
      "object_sizes": [
        5,
        5,
        5,
        5,
        5
      ],
      "blanket_size": 5,
      "total_dimension": 30,
      "n_objects": 5,
      "mean_ari": 0.9785714285714284,
      "std_ari": 0.04285714285714284,
      "mean_f1": 0.9333333333333332,
      "std_f1": 0.054433105395181765,
      "per_trial_ari": [
        1.0,
        1.0,
        1.0,
        0.8928571428571429,
        1.0
      ],
      "per_trial_f1": [
        1.0,
        1.0,
        0.8888888888888888,
        0.8888888888888888,
        0.8888888888888888
      ]
    },
    "8 small objects: 2x8 vars": {
      "object_sizes": [
        2,
        2,
        2,
        2,
        2,
        2,
        2,
        2
      ],
      "blanket_size": 4,
      "total_dimension": 20,
      "n_objects": 8,
      "mean_ari": 1.0,
      "std_ari": 0.0,
      "mean_f1": 0.9142857142857143,
      "std_f1": 0.06998542122237654,
      "per_trial_ari": [
        1.0,
        1.0,
        1.0,
        1.0,
        1.0
      ],
      "per_trial_f1": [
        1.0,
        0.8571428571428571,
        0.8571428571428571,
        1.0,
        0.8571428571428571
      ]
    }
  },
  "notes": "Stress test: asymmetric object sizes"
}