{
  "timestamp": "2026-02-09T15:39:07.459761",
  "experiment_name": "pandas_structure_emergence",
  "config": {
    "n_episodes": 20,
    "max_steps": 50,
    "max_jacobian_samples": 200,
    "detection_method": "hybrid",
    "n_objects": 2,
    "env_id": "FetchPush-v4",
    "mode": "interpolation"
  },
  "metrics": {
    "mode": "interpolation",
    "n_stages": 5,
    "n_env_transitions": 1000,
    "obs_dim": 25,
    "interp_fractions": [
      0.0,
      0.1,
      0.2,
      0.5,
      1.0
    ],
    "per_stage": [
      {
        "stage_label": "alpha=0.0",
        "n_objects": 2,
        "n_blanket_vars": 8,
        "sparsity": 0.79,
        "ari_vs_gt": 0.17695473251028807,
        "blanket_f1": 0.18181818181818182,
        "nmi_vs_prev": null,
        "prediction_loss": 0.005660516058560461,
        "elapsed_sec": 26.84110689163208,
        "assignment": [
          1,
          1,
          1,
          -1,
          -1,
          -1,
          1,
          -1,
          0,
          0,
          1,
          -1,
          0,
          0,
          0,
          0,
          0,
          0,
          1,
          -1,
          1,
          -1,
          1,
          1,
          -1
        ],
        "blankets": [
          3,
          4,
          5,
          7,
          11,
          19,
          21,
          24
        ],
        "objects": {
          "0": [
            8,
            9,
            12,
            13,
            14,
            15,
            16,
            17
          ],
          "1": [
            0,
            1,
            2,
            6,
            10,
            18,
            20,
            22,
            23
          ]
        },
        "alpha": 0.0
      },
      {
        "stage_label": "alpha=0.1",
        "n_objects": 2,
        "n_blanket_vars": 2,
        "sparsity": 0.8133333333333334,
        "ari_vs_gt": 0.014046461372231226,
        "blanket_f1": 0.4,
        "nmi_vs_prev": 0.25809891884226505,
        "prediction_loss": 0.0034389679349260405,
        "elapsed_sec": 7.601014614105225,
        "assignment": [
          0,
          1,
          0,
          1,
          -1,
          1,
          -1,
          1,
          0,
          0,
          0,
          1,
          0,
          0,
          0,
          0,
          0,
          0,
          0,
          0,
          0,
          0,
          0,
          1,
          1
        ],
        "blankets": [
          4,
          6
        ],
        "objects": {
          "0": [
            0,
            2,
            8,
            9,
            10,
            12,
            13,
            14,
            15,
            16,
            17,
            18,
            19,
            20,
            21,
            22
          ],
          "1": [
            1,
            3,
            5,
            7,
            11,
            23,
            24
          ]
        },
        "alpha": 0.1
      },
      {
        "stage_label": "alpha=0.2",
        "n_objects": 2,
        "n_blanket_vars": 3,
        "sparsity": 0.79,
        "ari_vs_gt": 0.0926856504745952,
        "blanket_f1": 0.3333333333333333,
        "nmi_vs_prev": 0.291752726348865,
        "prediction_loss": 0.00220001399575267,
        "elapsed_sec": 7.5870115756988525,
        "assignment": [
          0,
          -1,
          0,
          1,
          0,
          0,
          -1,
          1,
          0,
          1,
          1,
          -1,
          0,
          0,
          0,
          0,
          0,
          1,
          0,
          0,
          1,
          0,
          0,
          1,
          1
        ],
        "blankets": [
          1,
          6,
          11
        ],
        "objects": {
          "0": [
            0,
            2,
            4,
            5,
            8,
            12,
            13,
            14,
            15,
            16,
            18,
            19,
            21,
            22
          ],
          "1": [
            3,
            7,
            9,
            10,
            17,
            20,
            23,
            24
          ]
        },
        "alpha": 0.2
      },
      {
        "stage_label": "alpha=0.5",
        "n_objects": 2,
        "n_blanket_vars": 2,
        "sparsity": 0.51,
        "ari_vs_gt": 0.05635300372142477,
        "blanket_f1": 0.0,
        "nmi_vs_prev": 0.26022452426209064,
        "prediction_loss": 0.0007939067727420479,
        "elapsed_sec": 4.721824407577515,
        "assignment": [
          -1,
          1,
          -1,
          1,
          1,
          0,
          1,
          1,
          1,
          0,
          0,
          1,
          1,
          1,
          1,
          1,
          1,
          0,
          1,
          1,
          1,
          1,
          1,
          0,
          0
        ],
        "blankets": [
          0,
          2
        ],
        "objects": {
          "0": [
            5,
            9,
            10,
            17,
            23,
            24
          ],
          "1": [
            1,
            3,
            4,
            6,
            7,
            8,
            11,
            12,
            13,
            14,
            15,
            16,
            18,
            19,
            20,
            21,
            22
          ]
        },
        "alpha": 0.5
      },
      {
        "stage_label": "alpha=1.0",
        "n_objects": 2,
        "n_blanket_vars": 9,
        "sparsity": 0.6033333333333334,
        "ari_vs_gt": 0.018794914317302378,
        "blanket_f1": 0.16666666666666666,
        "nmi_vs_prev": 0.052348845841878947,
        "prediction_loss": 0.0005117824492572254,
        "elapsed_sec": 7.404336214065552,
        "assignment": [
          0,
          1,
          -1,
          0,
          -1,
          0,
          0,
          1,
          -1,
          0,
          -1,
          -1,
          -1,
          0,
          0,
          0,
          -1,
          0,
          0,
          0,
          0,
          0,
          0,
          -1,
          -1
        ],
        "blankets": [
          2,
          4,
          8,
          10,
          11,
          12,
          16,
          23,
          24
        ],
        "objects": {
          "0": [
            0,
            3,
            5,
            6,
            9,
            13,
            14,
            15,
            17,
            18,
            19,
            20,
            21,
            22
          ],
          "1": [
            1,
            7
          ]
        },
        "alpha": 1.0
      }
    ],
    "emergence_narrative": "No stage achieved meaningful structure (ARI > 0.3 AND F1 > 0.2). The best result was at alpha=0.0 with ARI=0.177, F1=0.182. This suggests the trained model may encode the task differently than the expected gripper-object-relational decomposition, or that TB's hybrid detection needs domain-tuned thresholds for this architecture. Correlation between ARI and negative-loss: -0.715 (strong alignment between structure quality and task performance).",
    "total_elapsed_sec": 90.2366783618927
  },
  "notes": "US-080: Structure emergence analysis (interpolation mode). Ran TB on 5 stages. Emergence finding: No stage achieved meaningful structure (ARI > 0.3 AND F1 > 0.2). The best result was at alpha=0.0 with ARI=0.177, F1=0.182. This suggests the trained model may encode the task differently than the exp..."
}