{
  "timestamp": "2026-02-07T17:37:36.156570",
  "experiment_name": "diffusion_tb_analysis",
  "config": {
    "dataset": "make_moons",
    "n_samples": 1000,
    "noise": 0.08,
    "T": 100,
    "beta_min": 0.0001,
    "beta_max": 0.02,
    "score_model": "MLPRegressor(256,256,128)",
    "parameterization": "epsilon (predict noise)",
    "n_sigma_levels": 10,
    "n_augment": 8,
    "sample_sub_n": 400,
    "bandwidth": "20th_percentile",
    "laplacian": "normalized",
    "score_normalization": "unit_direction"
  },
  "metrics": {
    "sigma_levels": [
      0.009999999999999449,
      0.11989154836678584,
      0.22769565097971833,
      0.33152602019891175,
      0.4296887606445435,
      0.5207607537537945,
      0.6036483108697694,
      0.6776222798065362,
      0.7423278904506586,
      0.7977698615167834
    ],
    "per_sigma": {
      "sigma_0.0100": {
        "sigma": 0.009999999999999449,
        "sample_eigengap": 0.2396931020061035,
        "sample_n_clusters": 3,
        "sample_eigenvalues": [
          9.967582315084655e-13,
          0.12485358194743179,
          0.2430426910525435,
          0.482735793058647,
          0.5728646422387442,
          0.7795907968609483,
          0.796738275510733,
          0.9229518697548494,
          0.9344724630941658,
          0.9861859081987817,
          0.9868808908646053
        ],
        "var_hessian_est": [
          [
            144.03458768183916,
            -22.527391297730063
          ],
          [
            -22.527391297730063,
            78.51992671185462
          ]
        ],
        "var_coupling": [
          [
            0.0,
            0.21183004684006046
          ],
          [
            0.21183004684006046,
            0.0
          ]
        ],
        "var_coupling_strength": 0.21183004684006046,
        "ari": 0.0473941317605944
      },
      "sigma_0.1199": {
        "sigma": 0.11989154836678584,
        "sample_eigengap": 0.27550437610864864,
        "sample_n_clusters": 3,
        "sample_eigenvalues": [
          9.696687897076117e-13,
          0.1549007961830996,
          0.2720652606163314,
          0.54756963672498,
          0.634703436311393,
          0.8356738204349193,
          0.8518122814256011,
          0.9544709509104305,
          0.9604228333228702,
          0.9959354773532442,
          0.997833809168316
        ],
        "var_hessian_est": [
          [
            22.031298486006627,
            0.20431917156071056
          ],
          [
            0.20431917156071056,
            11.737414243464247
          ]
        ],
        "var_coupling": [
          [
            0.0,
            0.012705824534091057
          ],
          [
            0.012705824534091057,
            0.0
          ]
        ],
        "var_coupling_strength": 0.012705824534091057,
        "ari": 0.00316765267620068
      },
      "sigma_0.2277": {
        "sigma": 0.22769565097971833,
        "sample_eigengap": 0.30544403350579674,
        "sample_n_clusters": 3,
        "sample_eigenvalues": [
          9.525713551283843e-13,
          0.172437359296444,
          0.26786678639299233,
          0.5733108198987891,
          0.6375190814700022,
          0.8272009626942829,
          0.8783967897457413,
          0.9580034184924928,
          0.9687648856886778,
          0.998330023092558,
          0.9985485462439759
        ],
        "var_hessian_est": [
          [
            7.005471315170341,
            -0.04653813076105492
          ],
          [
            -0.04653813076105492,
            4.804118498118217
          ]
        ],
        "var_coupling": [
          [
            0.0,
            0.008022013652704215
          ],
          [
            0.008022013652704215,
            0.0
          ]
        ],
        "var_coupling_strength": 0.008022013652704215,
        "ari": -0.0030311191377680614
      },
      "sigma_0.3315": {
        "sigma": 0.33152602019891175,
        "sample_eigengap": 0.3134539436986361,
        "sample_n_clusters": 3,
        "sample_eigenvalues": [
          9.563461134121098e-13,
          0.17830832409917907,
          0.2632529392261618,
          0.5767068829247979,
          0.6280633878381559,
          0.8289041937798386,
          0.8738547274676383,
          0.9596968045631704,
          0.9655646712623513,
          0.997519927757519,
          0.9983502386960005
        ],
        "var_hessian_est": [
          [
            2.992896067987178,
            0.07717529735743013
          ],
          [
            0.07717529735743013,
            2.835154047691181
          ]
        ],
        "var_coupling": [
          [
            0.0,
            0.026493794170277363
          ],
          [
            0.026493794170277363,
            0.0
          ]
        ],
        "var_coupling_strength": 0.026493794170277363,
        "ari": 0.005109383647042767
      },
      "sigma_0.4297": {
        "sigma": 0.4296887606445435,
        "sample_eigengap": 0.2825193227737782,
        "sample_n_clusters": 3,
        "sample_eigenvalues": [
          9.618972285352356e-13,
          0.17662463797957229,
          0.26467457452534493,
          0.5471938972991232,
          0.6370081341537417,
          0.8431645864180337,
          0.8577488838328461,
          0.9573328133313411,
          0.9640006052896729,
          0.9970219750115744,
          0.9976578081551584
        ],
        "var_hessian_est": [
          [
            1.8110456458304118,
            0.05130498746171479
          ],
          [
            0.05130498746171479,
            2.0582501559919453
          ]
        ],
        "var_coupling": [
          [
            0.0,
            0.02657331910816054
          ],
          [
            0.02657331910816054,
            0.0
          ]
        ],
        "var_coupling_strength": 0.02657331910816054,
        "ari": 0.010882465711519794
      },
      "sigma_0.5208": {
        "sigma": 0.5207607537537945,
        "sample_eigengap": 0.22331346857702505,
        "sample_n_clusters": 3,
        "sample_eigenvalues": [
          9.954259638789154e-13,
          0.0948045922471602,
          0.3174982543955298,
          0.5408117229725549,
          0.585297649948461,
          0.7937945986618105,
          0.8359964962785559,
          0.9383982440418985,
          0.9491580967890373,
          0.9900389081588878,
          0.9935647864010702
        ],
        "var_hessian_est": [
          [
            1.3139199241036523,
            0.211934333075169
          ],
          [
            0.211934333075169,
            1.4256168746649418
          ]
        ],
        "var_coupling": [
          [
            0.0,
            0.15485151094509264
          ],
          [
            0.15485151094509264,
            0.0
          ]
        ],
        "var_coupling_strength": 0.15485151094509264,
        "ari": 0.01490920180304517
      },
      "sigma_0.6036": {
        "sigma": 0.6036483108697694,
        "sample_eigengap": 0.25999354998858115,
        "sample_n_clusters": 2,
        "sample_eigenvalues": [
          1.0731415756026763e-12,
          0.03251116879366078,
          0.29250471878224193,
          0.40041423109027396,
          0.5381573358262886,
          0.6984732399170943,
          0.7405057635412728,
          0.8744107853549988,
          0.8861219730001101,
          0.9614561881104218,
          0.9628429462508747
        ],
        "var_hessian_est": [
          [
            1.1575060408661106,
            0.2661724676493658
          ],
          [
            0.2661724676493658,
            1.391799910106933
          ]
        ],
        "var_coupling": [
          [
            0.0,
            0.20970707755149573
          ],
          [
            0.20970707755149573,
            0.0
          ]
        ],
        "var_coupling_strength": 0.20970707755149573,
        "ari": 0.0017246204073171996
      },