{
  "timestamp": "2026-02-07T15:29:15.230153",
  "experiment_name": "persistence_blanket_comparison",
  "config": {
    "n_trials_symmetric": 10,
    "n_trials_asymmetric": 5,
    "n_trials_nonbimodal": 5,
    "n_bootstrap": 200,
    "intra_strength": 6.0,
    "blanket_strength": 0.8
  },
  "metrics": {
    "symmetric": {
      "otsu": {
        "mean_ari": 1.0,
        "std_ari": 0.0,
        "mean_f1": 0.86,
        "std_f1": 0.09165151389911678,
        "per_trial_ari": [
          1.0,
          1.0,
          1.0,
          1.0,
          1.0,
          1.0,
          1.0,
          1.0,
          1.0,
          1.0
        ],
        "per_trial_f1": [
          0.8,
          1.0,
          0.8,
          1.0,
          0.8,
          0.8,
          1.0,
          0.8,
          0.8,
          0.8
        ]
      },
      "persistence": {
        "mean_ari": 1.0,
        "std_ari": 0.0,
        "mean_f1": 1.0,
        "std_f1": 0.0,
        "per_trial_ari": [
          1.0,
          1.0,
          1.0,
          1.0,
          1.0,
          1.0,
          1.0,
          1.0,
          1.0,
          1.0
        ],
        "per_trial_f1": [
          1.0,
          1.0,
          1.0,
          1.0,
          1.0,
          1.0,
          1.0,
          1.0,
          1.0,
          1.0
        ]
      },
      "coupling": {
        "mean_ari": 1.0,
        "std_ari": 0.0,
        "mean_f1": 1.0,
        "std_f1": 0.0,
        "per_trial_ari": [
          1.0,
          1.0,
          1.0,
          1.0,
          1.0,
          1.0,
          1.0,
          1.0,
          1.0,
          1.0
        ],
        "per_trial_f1": [
          1.0,
          1.0,
          1.0,
          1.0,
          1.0,
          1.0,
          1.0,
          1.0,
          1.0,
          1.0
        ]
      },
      "ari_difference": 0.0,
      "symmetric_pass": true
    },
    "asymmetric": {
      "2 objects: 3+8 vars": {
        "otsu": {
          "mean_ari": 0.4398672601272984,
          "std_ari": 0.11206664900745111,
          "mean_f1": 0.6833333333333332,
          "std_f1": 0.033333333333333354,
          "per_trial_ari": [
            0.45,
            0.23707440100882723,
            0.5801526717557252,
            0.4821092278719397,
            0.45
          ],
          "per_trial_f1": [
            0.6666666666666666,
            0.75,
            0.6666666666666666,
            0.6666666666666666,
            0.6666666666666666
          ]
        },
        "persistence": {
          "mean_ari": 0.916030534351145,
          "std_ari": 0.16793893129770993,
          "mean_f1": 0.8,
          "std_f1": 0.4,
          "per_trial_ari": [
            1.0,
            1.0,
            1.0,
            1.0,
            0.5801526717557252
          ],
          "per_trial_f1": [
            1.0,
            1.0,
            1.0,
            1.0,
            0.0
          ]
        },
        "coupling": {
          "mean_ari": 0.8399024072869226,
          "std_ari": 0.2177558375467912,
          "mean_f1": 0.4800000000000001,
          "std_f1": 0.41182520563948,
          "per_trial_ari": [
            1.0,
            0.45,
            1.0,
            1.0,
            0.7495120364346128
          ],
          "per_trial_f1": [
            1.0,
            0.6,
            0.0,
            0.8,
            0.0
          ]
        },
        "persistence_improvement_over_otsu": 0.47616327422384663,
        "persistence_improves": true
      },
      "3 objects: 2+2+10 vars": {
        "otsu": {
          "mean_ari": 0.2279020934223584,
          "std_ari": 0.00841082191580681,
          "mean_f1": 0.6,
          "std_f1": 0.0,
          "per_trial_ari": [
            0.22369668246445498,
            0.244723737253972,
            0.22369668246445498,
            0.22369668246445498,
            0.22369668246445498
          ],
          "per_trial_f1": [
            0.6,
            0.6,
            0.6,
            0.6,
            0.6
          ]
        },
        "persistence": {
          "mean_ari": 0.5493164339871843,
          "std_ari": 0.25967521690667317,
          "mean_f1": 0.3,
          "std_f1": 0.36742346141747667,
          "per_trial_ari": [
            0.48098859315589354,
            1.0,
            0.48098859315589354,
            0.19814241486068113,
            0.5864625687634537
          ],
          "per_trial_f1": [
            0.75,
            0.0,
            0.75,
            0.0,
            0.0
          ]
        },
        "coupling": {
          "mean_ari": 0.7881473742949165,
          "std_ari": 0.2595523408190449,
          "mean_f1": 0.7944444444444445,
          "std_f1": 0.3020506048681819,
          "per_trial_ari": [
            1.0,
            0.45974827831868914,
            1.0,
            1.0,
            0.48098859315589354
          ],
          "per_trial_f1": [
            1.0,
            0.2222222222222222,
            1.0,
            1.0,
            0.75
          ]
        },
        "persistence_improvement_over_otsu": 0.32141434056482593,
        "persistence_improves": true
      },
      "3 objects: 3+5+7 vars": {
        "otsu": {
          "mean_ari": 0.9252164784659627,
          "std_ari": 0.12862324640147213,
          "mean_f1": 0.8914285714285715,
          "std_f1": 0.09107072828862414,
          "per_trial_ari": [
            0.9558266722759782,
            1.0,
            1.0,
            0.6702557200538358,
            1.0
          ],
          "per_trial_f1": [
            0.8,
            1.0,
            0.8571428571428571,
            0.8,
            1.0
          ]
        },
        "persistence": {
          "mean_ari": 0.9057873485868102,
          "std_ari": 0.11538646163850769,
          "mean_f1": 0.6,
          "std_f1": 0.48989794855663565,
          "per_trial_ari": [
            1.0,
            1.0,
            1.0,
            0.7644683714670256,
            0.7644683714670256
          ],
          "per_trial_f1": [
            1.0,
            1.0,
            1.0,
            0.0,
            0.0
          ]
        },
        "coupling": {
          "mean_ari": 0.9057873485868102,
          "std_ari": 0.1153864616385077,
          "mean_f1": 0.52,
          "std_f1": 0.4308131845707604,
          "per_trial_ari": [
            1.0,
            0.7644683714670256,
            1.0,
            0.7644683714670256,
            1.0
          ],
          "per_trial_f1": [
            1.0,
            0.8,
            0.0,
            0.8,
            0.0
          ]
        },
        "persistence_improvement_over_otsu": -0.019429129879152462,
        "persistence_improves": true
      },
      "4 objects: 2+3+4+5 vars": {
        "otsu": {
          "mean_ari": 0.8655059636416942,
          "std_ari": 0.13277201308796113,
          "mean_f1": 0.8533333333333333,
          "std_f1": 0.04354648431614534,
          "per_trial_ari": [
            0.6408839779005525,
            0.7845303867403315,
            0.9673718178558623,
            0.9673718178558623,
            0.9673718178558623
          ],
          "per_trial_f1": [
            0.8,
            0.8,
            0.8888888888888888,
            0.8888888888888888,
            0.8888888888888888
          ]
        },
        "persistence": {
          "mean_ari": 1.0,
          "std_ari": 0.0,
          "mean_f1": 0.8,
          "std_f1": 0.4,
          "per_trial_ari": [
            1.0,
            1.0,
            1.0,
            1.0,
            1.0
          ],
          "per_trial_f1": [
            1.0,
            1.0,
            1.0,
            0.0,
            1.0
          ]
        },
        "coupling": {
          "mean_ari": 1.0,
          "std_ari": 0.0,
          "mean_f1": 1.0,
          "std_f1": 0.0,
          "per_trial_ari": [
            1.0,
            1.0,
            1.0,
            1.0,
            1.0
          ],