{
  "timestamp": "2026-02-09T15:42:12.424014",
  "experiment_name": "pandas_structure_emergence",
  "config": {
    "n_episodes": 20,
    "max_steps": 50,
    "max_jacobian_samples": 200,
    "detection_method": "hybrid",
    "n_objects": 2,
    "env_id": "FetchPush-v4",
    "mode": "interpolation"
  },
  "metrics": {
    "mode": "interpolation",
    "n_stages": 5,
    "n_env_transitions": 1000,
    "obs_dim": 25,
    "interp_fractions": [
      0.0,
      0.1,
      0.2,
      0.5,
      1.0
    ],
    "per_stage": [
      {
        "stage_label": "alpha=0.0",
        "n_objects": 3,
        "n_blanket_vars": 9,
        "sparsity": 0.3233333333333333,
        "ari_vs_gt": 0.09519464720194647,
        "blanket_f1": 0.5,
        "nmi_vs_prev": null,
        "best_method": "sens_coupling_3obj",
        "prediction_loss": 0.005812802031869069,
        "elapsed_sec": 28.524312734603882,
        "assignment": [
          -1,
          2,
          2,
          -1,
          1,
          1,
          -1,
          -1,
          -1,
          2,
          -1,
          0,
          1,
          -1,
          0,
          2,
          1,
          2,
          0,
          1,
          -1,
          0,
          -1,
          2,
          2
        ],
        "blankets": [
          0,
          3,
          6,
          7,
          8,
          10,
          13,
          20,
          22
        ],
        "objects": {
          "0": [
            11,
            14,
            18,
            21
          ],
          "1": [
            4,
            5,
            12,
            16,
            19
          ],
          "2": [
            1,
            2,
            9,
            15,
            17,
            23,
            24
          ]
        },
        "alpha": 0.0
      },
      {
        "stage_label": "alpha=0.1",
        "n_objects": 3,
        "n_blanket_vars": 10,
        "sparsity": 0.29333333333333333,
        "ari_vs_gt": 0.08995186522262334,
        "blanket_f1": 0.15384615384615385,
        "nmi_vs_prev": 0.17211998291632874,
        "best_method": "sens_hybrid_3obj",
        "prediction_loss": 0.0035313278349349275,
        "elapsed_sec": 9.49417519569397,
        "assignment": [
          1,
          0,
          -1,
          0,
          -1,
          0,
          1,
          2,
          -1,
          -1,
          -1,
          2,
          2,
          0,
          0,
          -1,
          2,
          -1,
          2,
          0,
          0,
          -1,
          -1,
          -1,
          1
        ],
        "blankets": [
          2,
          4,
          8,
          9,
          10,
          15,
          17,
          21,
          22,
          23
        ],
        "objects": {
          "0": [
            1,
            3,
            5,
            13,
            14,
            19,
            20
          ],
          "1": [
            0,
            6,
            24
          ],
          "2": [
            7,
            11,
            12,
            16,
            18
          ]
        },
        "alpha": 0.1
      },
      {
        "stage_label": "alpha=0.2",
        "n_objects": 2,
        "n_blanket_vars": 8,
        "sparsity": 0.31,
        "ari_vs_gt": 0.0983129726585224,
        "blanket_f1": 0.18181818181818182,
        "nmi_vs_prev": 0.1388102092252814,
        "best_method": "sens_coupling_2obj",
        "prediction_loss": 0.002265053834707942,
        "elapsed_sec": 10.015312671661377,
        "assignment": [
          1,
          1,
          1,
          -1,
          0,
          -1,
          1,
          -1,
          1,
          -1,
          0,
          1,
          0,
          0,
          0,
          -1,
          -1,
          1,
          -1,
          0,
          1,
          -1,
          1,
          1,
          1
        ],
        "blankets": [
          3,
          5,
          7,
          9,
          15,
          16,
          18,
          21
        ],
        "objects": {
          "0": [
            4,
            10,
            12,
            13,
            14,
            19
          ],
          "1": [
            0,
            1,
            2,
            6,
            8,
            11,
            17,
            20,
            22,
            23,
            24
          ]
        },
        "alpha": 0.2
      },
      {
        "stage_label": "alpha=0.5",
        "n_objects": 2,
        "n_blanket_vars": 9,
        "sparsity": 0.51,
        "ari_vs_gt": 0.06684027777777778,
        "blanket_f1": 0.0,
        "nmi_vs_prev": 0.12310066793248522,
        "best_method": "fisher_hybrid_2obj",
        "prediction_loss": 0.000830819076509215,
        "elapsed_sec": 10.23750352859497,
        "assignment": [
          0,
          0,
          1,
          -1,
          -1,
          0,
          0,
          0,
          0,
          1,
          -1,
          1,
          -1,
          0,
          0,
          -1,
          -1,
          -1,
          0,
          -1,
          -1,
          0,
          0,
          1,
          1
        ],
        "blankets": [
          3,
          4,
          10,
          12,
          15,
          16,
          17,
          19,
          20
        ],
        "objects": {
          "0": [
            0,
            1,
            5,
            6,
            7,
            8,
            13,
            14,
            18,
            21,
            22
          ],
          "1": [
            2,
            9,
            11,
            23,
            24
          ]
        },
        "alpha": 0.5
      },
      {
        "stage_label": "alpha=1.0",
        "n_objects": 3,
        "n_blanket_vars": 2,
        "sparsity": 0.5966666666666667,
        "ari_vs_gt": 0.27213309566250743,
        "blanket_f1": 0.4,
        "nmi_vs_prev": 0.24938063073147937,
        "best_method": "fisher_coupling_3obj",
        "prediction_loss": 0.00018867821695494057,
        "elapsed_sec": 10.473388910293579,
        "assignment": [
          0,
          -1,
          2,
          0,
          1,
          1,
          0,
          -1,
          2,
          2,
          2,
          1,
          1,
          1,
          1,
          1,
          0,
          1,
          0,
          1,
          1,
          1,
          0,
          2,
          2
        ],
        "blankets": [
          1,
          7
        ],
        "objects": {
          "0": [
            0,
            3,
            6,
            16,
            18,
            22
          ],
          "1": [
            4,
            5,
            11,
            12,
            13,
            14,
            15,
            17,
            19,
            20,
            21
          ],
          "2": [
            2,
            8,
            9,
            10,
            23,
            24
          ]
        },
        "alpha": 1.0
      }
    ],
    "emergence_narrative": "No stage achieved meaningful structure (ARI > 0.3 AND F1 > 0.2). The best result was at alpha=1.0 with ARI=0.272, F1=0.400. This suggests the trained model may encode the task differently than the expected gripper-object-relational decomposition, or that TB's hybrid detection needs domain-tuned thresholds for this architecture. Correlation between ARI and negative-loss: 0.495 (moderate alignment between structure quality and task performance).",
    "total_elapsed_sec": 101.90826916694641
  },
  "notes": "US-080: Structure emergence analysis (interpolation mode). Ran TB on 5 stages. Emergence finding: No stage achieved meaningful structure (ARI > 0.3 AND F1 > 0.2). The best result was at alpha=1.0 with ARI=0.272, F1=0.400. This suggests the trained model may encode the task differently than the exp..."
}