{
  "experiment": "US-112",
  "title": "BayesformerTB: TB-Structured Bayesian Transformer",
  "configuration": {
    "n_sequences": 10000,
    "n_epochs": 40,
    "batch_size": 256,
    "lr": 0.001,
    "warmup_epochs": 5,
    "tb_update_freq": 5,
    "lambda_reg": 0.005,
    "dropout_p": 0.05,
    "mask_anneal_epochs": 15,
    "mc_K": 10,
    "n_objects": 5,
    "d_model": 120,
    "n_layers": 4,
    "n_heads": 4,
    "d_mlp": 480
  },
  "factor_info": {
    "n_factors": 5,
    "factor_types": [
      "Mess3",
      "Mess3",
      "Mess3",
      "BlochWalk",
      "BlochWalk"
    ],
    "factor_alphabets": [
      3,
      3,
      3,
      4,
      4
    ],
    "factor_latent_dims": [
      3,
      3,
      3,
      4,
      4
    ],
    "vocab_size": 433,
    "factored_dim": 12,
    "joint_dim": 431
  },
  "bayesformer_tb": {
    "n_params": 749644,
    "loss_history": [
      6.082719,
      6.07418,
      6.071223,
      6.067129,
      6.06024,
      6.048551,
      6.029734,
      6.005448,
      5.977399,
      5.942649,
      5.906694,
      5.868055,
      5.826243,
      5.782527,
      5.734165,
      5.68093,
      5.627116,
      5.566267,
      5.503172,
      5.43347,
      5.362948,
      5.279461,
      5.198565,
      5.110996,
      5.017948,
      4.922777,
      4.818273,
      4.710549,
      4.613805,
      4.501278,
      4.410044,
      4.297425,
      4.202452,
      4.112076,
      4.017858,
      3.923574,
      3.842058,
      3.766497,
      3.687422,
      3.622057
    ],
    "reg_loss_history": [
      0.0,
      0.0,
      0.0,
      0.0,
      0.0,
      0.00433351,
      0.00482806,
      0.00440288,
      0.00408351,
      0.00386599,
      0.00275864,
      0.0027443,
      0.00250208,
      0.00246789,
      0.00229964,
      0.00217351,
      0.00214409,
      0.00204954,
      0.00196982,
      0.00188465,
      0.00179216,
      0.00171086,
      0.00162202,
      0.00156998,
      0.00150509,
      0.00126463,
      0.0012229,
      0.00118359,
      0.00116067,
      0.00111023,
      0.00106524,
      0.00106031,
      0.00102543,
      0.00100989,
      0.00099324,
      0.00152936,
      0.00151773,
      0.00149877,
      0.00146777,
      0.00144833
    ],
    "final_ce_loss": 3.622057,
    "training_time_s": 576.62,
    "eigengap_trajectory": [
      {
        "epoch": 6,
        "eigengap": 110.57483155451692,
        "n_objects": 5,
        "n_blanket": 42
      },
      {
        "epoch": 11,
        "eigengap": 109.05179234137351,
        "n_objects": 5,
        "n_blanket": 53
      },
      {
        "epoch": 16,
        "eigengap": 105.19217501268017,
        "n_objects": 5,
        "n_blanket": 43
      },
      {
        "epoch": 21,
        "eigengap": 103.91909232808302,
        "n_objects": 5,
        "n_blanket": 44
      },
      {
        "epoch": 26,
        "eigengap": 98.16783065885951,
        "n_objects": 5,
        "n_blanket": 60
      },
      {
        "epoch": 31,
        "eigengap": 99.05194599208714,
        "n_objects": 5,
        "n_blanket": 52
      },
      {
        "epoch": 36,
        "eigengap": 98.25784815279836,
        "n_objects": 5,
        "n_blanket": 6
      }
    ],
    "checkpoints": {
      "epoch_5": {
        "embedding": {
          "eigengap": 92.9244,
          "n_objects": 5,
          "n_blanket": 55
        },
        "layer_1": {
          "eigengap": 112.1046,
          "n_objects": 5,
          "n_blanket": 31
        },
        "layer_2": {
          "eigengap": 110.5748,
          "n_objects": 5,
          "n_blanket": 42
        },
        "layer_3": {
          "eigengap": 110.7444,
          "n_objects": 5,
          "n_blanket": 12
        },
        "layer_4": {
          "eigengap": 111.8445,
          "n_objects": 5,
          "n_blanket": 2
        }
      },
      "epoch_10": {
        "embedding": {
          "eigengap": 98.1389,
          "n_objects": 5,
          "n_blanket": 25
        },
        "layer_1": {
          "eigengap": 110.0826,
          "n_objects": 5,
          "n_blanket": 54
        },
        "layer_2": {
          "eigengap": 109.0518,
          "n_objects": 5,
          "n_blanket": 53
        },
        "layer_3": {
          "eigengap": 107.2931,
          "n_objects": 5,
          "n_blanket": 60
        },
        "layer_4": {
          "eigengap": 109.1819,
          "n_objects": 5,
          "n_blanket": 58
        }
      },
      "epoch_15": {
        "embedding": {
          "eigengap": 96.9368,
          "n_objects": 5,
          "n_blanket": 21
        },
        "layer_1": {
          "eigengap": 107.1817,
          "n_objects": 5,
          "n_blanket": 30
        },
        "layer_2": {
          "eigengap": 105.1922,
          "n_objects": 5,
          "n_blanket": 43
        },
        "layer_3": {
          "eigengap": 104.2705,
          "n_objects": 5,
          "n_blanket": 55
        },
        "layer_4": {
          "eigengap": 104.6464,
          "n_objects": 5,
          "n_blanket": 5
        }
      },
      "epoch_20": {
        "embedding": {
          "eigengap": 96.7226,
          "n_objects": 5,
          "n_blanket": 3
        },
        "layer_1": {
          "eigengap": 101.3197,
          "n_objects": 5,
          "n_blanket": 40
        },
        "layer_2": {
          "eigengap": 103.9191,
          "n_objects": 5,
          "n_blanket": 44
        },
        "layer_3": {
          "eigengap": 103.6743,
          "n_objects": 5,
          "n_blanket": 6
        },
        "layer_4": {
          "eigengap": 101.6089,
          "n_objects": 5,
          "n_blanket": 25
        }
      },
      "epoch_25": {
        "embedding": {
          "eigengap": 93.9916,
          "n_objects": 5,
          "n_blanket": 3
        },
        "layer_1": {
          "eigengap": 100.9111,
          "n_objects": 5,
          "n_blanket": 36
        },
        "layer_2": {
          "eigengap": 98.1678,
          "n_objects": 5,
          "n_blanket": 60
        },
        "layer_3": {
          "eigengap": 98.5672,
          "n_objects": 5,
          "n_blanket": 2
        },
        "layer_4": {
          "eigengap": 99.8011,
          "n_objects": 5,
          "n_blanket": 3
        }
      },
      "epoch_30": {
        "embedding": {
          "eigengap": 91.4159,
          "n_objects": 5,
          "n_blanket": 18
        },
        "layer_1": {
          "eigengap": 99.2596,
          "n_objects": 5,
          "n_blanket": 3
        },
        "layer_2": {
          "eigengap": 99.0519,
          "n_objects": 5,
          "n_blanket": 52
        },
        "layer_3": {
          "eigengap": 99.9067,
          "n_objects": 5,
          "n_blanket": 7
        },
        "layer_4": {
          "eigengap": 96.2397,
          "n_objects": 5,
          "n_blanket": 25
        }
      },
      "epoch_35": {
        "embedding": {
          "eigengap": 89.2035,
          "n_objects": 5,
          "n_blanket": 8
        },
        "layer_1": {
          "eigengap": 97.8619,
          "n_objects": 5,
          "n_blanket": 2
        },
        "layer_2": {
          "eigengap": 98.2578,
          "n_objects": 5,
          "n_blanket": 6
        },
        "layer_3": {
          "eigengap": 92.9413,
          "n_objects": 5,
          "n_blanket": 48
        },
        "layer_4": {
          "eigengap": 93.3834,
          "n_objects": 5,
          "n_blanket": 2
        }
      },
      "epoch_40": {
        "embedding": {
          "eigengap": 90.3499,
          "n_objects": 5,
          "n_blanket": 3
        },
        "layer_1": {
          "eigengap": 99.4351,
          "n_objects": 5,
          "n_blanket": 6
        },
        "layer_2": {
          "eigengap": 96.4271,
          "n_objects": 5,
          "n_blanket": 48
        },
        "layer_3": {
          "eigengap": 95.6318,
          "n_objects": 5,
          "n_blanket": 45
        },