{
  "experiment": "US-112",
  "title": "BayesformerTB: TB-Structured Bayesian Transformer",
  "configuration": {
    "n_sequences": 10000,
    "n_epochs": 40,
    "batch_size": 256,
    "lr": 0.001,
    "warmup_epochs": 5,
    "tb_update_freq": 5,
    "lambda_reg": 0.01,
    "dropout_p": 0.1,
    "mc_K": 10,
    "n_objects": 5,
    "d_model": 120,
    "n_layers": 4,
    "n_heads": 4,
    "d_mlp": 480
  },
  "factor_info": {
    "n_factors": 5,
    "factor_types": [
      "Mess3",
      "Mess3",
      "Mess3",
      "BlochWalk",
      "BlochWalk"
    ],
    "factor_alphabets": [
      3,
      3,
      3,
      4,
      4
    ],
    "factor_latent_dims": [
      3,
      3,
      3,
      4,
      4
    ],
    "vocab_size": 433,
    "factored_dim": 12,
    "joint_dim": 431
  },
  "bayesformer_tb": {
    "n_params": 749644,
    "loss_history": [
      6.084065,
      6.0755,
      6.073264,
      6.07017,
      6.065421,
      6.058447,
      6.048701,
      6.032115,
      6.011302,
      5.987199,
      5.959929,
      5.931469,
      5.901863,
      5.870881,
      5.839015,
      5.810299,
      5.775142,
      5.740769,
      5.701449,
      5.66565,
      5.625394,
      5.585412,
      5.53781,
      5.49603,
      5.443379,
      5.395691,
      5.336538,
      5.278053,
      5.225305,
      5.154791,
      5.098969,
      5.039213,
      4.971104,
      4.910473,
      4.851516,
      4.793579,
      4.734389,
      4.68142,
      4.617324,
      4.559938
    ],
    "reg_loss_history": [
      0.0,
      0.0,
      0.0,
      0.0,
      0.0,
      0.00236333,
      0.00067097,
      0.00081621,
      0.00085432,
      0.00082008,
      0.00364767,
      0.00121751,
      0.00119645,
      0.00126196,
      0.00130244,
      0.0050019,
      0.00237496,
      0.00196251,
      0.00197736,
      0.00179188,
      0.00308439,
      0.00229881,
      0.00227113,
      0.00203093,
      0.00214902,
      0.00558427,
      0.00433487,
      0.00384909,
      0.00348537,
      0.00337729,
      0.00767278,
      0.0071898,
      0.00686392,
      0.00655548,
      0.00652041,
      0.00354865,
      0.00341847,
      0.00328425,
      0.00324803,
      0.00316088
    ],
    "final_ce_loss": 4.559938,
    "training_time_s": 913.81,
    "eigengap_trajectory": [
      {
        "epoch": 6,
        "eigengap": 112.6662887398263,
        "n_objects": 5,
        "n_blanket": 5
      },
      {
        "epoch": 11,
        "eigengap": 110.87862094683558,
        "n_objects": 5,
        "n_blanket": 41
      },
      {
        "epoch": 16,
        "eigengap": 108.10168285417953,
        "n_objects": 5,
        "n_blanket": 54
      },
      {
        "epoch": 21,
        "eigengap": 103.35431474254028,
        "n_objects": 5,
        "n_blanket": 42
      },
      {
        "epoch": 26,
        "eigengap": 104.4520469839898,
        "n_objects": 5,
        "n_blanket": 50
      },
      {
        "epoch": 31,
        "eigengap": 101.74881670361195,
        "n_objects": 5,
        "n_blanket": 5
      },
      {
        "epoch": 36,
        "eigengap": 99.67860818592551,
        "n_objects": 5,
        "n_blanket": 59
      }
    ],
    "checkpoints": {
      "epoch_5": {
        "embedding": {
          "eigengap": 91.8631,
          "n_objects": 5,
          "n_blanket": 50
        },
        "layer_1": {
          "eigengap": 111.4603,
          "n_objects": 5,
          "n_blanket": 2
        },
        "layer_2": {
          "eigengap": 112.6663,
          "n_objects": 5,
          "n_blanket": 5
        },
        "layer_3": {
          "eigengap": 111.5745,
          "n_objects": 5,
          "n_blanket": 57
        },
        "layer_4": {
          "eigengap": 111.5137,
          "n_objects": 5,
          "n_blanket": 48
        }
      },
      "epoch_10": {
        "embedding": {
          "eigengap": 92.383,
          "n_objects": 5,
          "n_blanket": 32
        },
        "layer_1": {
          "eigengap": 107.2796,
          "n_objects": 5,
          "n_blanket": 58
        },
        "layer_2": {
          "eigengap": 110.8786,
          "n_objects": 5,
          "n_blanket": 41
        },
        "layer_3": {
          "eigengap": 109.2347,
          "n_objects": 5,
          "n_blanket": 47
        },
        "layer_4": {
          "eigengap": 110.0853,
          "n_objects": 5,
          "n_blanket": 44
        }
      },
      "epoch_15": {
        "embedding": {
          "eigengap": 96.5658,
          "n_objects": 5,
          "n_blanket": 2
        },
        "layer_1": {
          "eigengap": 105.4574,
          "n_objects": 5,
          "n_blanket": 58
        },
        "layer_2": {
          "eigengap": 108.1017,
          "n_objects": 5,
          "n_blanket": 54
        },
        "layer_3": {
          "eigengap": 107.0576,
          "n_objects": 5,
          "n_blanket": 3
        },
        "layer_4": {
          "eigengap": 106.1851,
          "n_objects": 5,
          "n_blanket": 47
        }
      },
      "epoch_20": {
        "embedding": {
          "eigengap": 97.0695,
          "n_objects": 5,
          "n_blanket": 20
        },
        "layer_1": {
          "eigengap": 106.4487,
          "n_objects": 5,
          "n_blanket": 55
        },
        "layer_2": {
          "eigengap": 103.3543,
          "n_objects": 5,
          "n_blanket": 42
        },
        "layer_3": {
          "eigengap": 104.9924,
          "n_objects": 5,
          "n_blanket": 7
        },
        "layer_4": {
          "eigengap": 103.751,
          "n_objects": 5,
          "n_blanket": 2
        }
      },
      "epoch_25": {
        "embedding": {
          "eigengap": 90.0488,
          "n_objects": 5,
          "n_blanket": 19
        },
        "layer_1": {
          "eigengap": 104.5079,
          "n_objects": 5,
          "n_blanket": 58
        },
        "layer_2": {
          "eigengap": 104.452,
          "n_objects": 5,
          "n_blanket": 50
        },
        "layer_3": {
          "eigengap": 104.7472,
          "n_objects": 5,
          "n_blanket": 5
        },
        "layer_4": {
          "eigengap": 101.2605,
          "n_objects": 5,
          "n_blanket": 38
        }
      },
      "epoch_30": {
        "embedding": {
          "eigengap": 94.2615,
          "n_objects": 5,
          "n_blanket": 2
        },
        "layer_1": {
          "eigengap": 103.4391,
          "n_objects": 5,
          "n_blanket": 59
        },
        "layer_2": {
          "eigengap": 101.7488,
          "n_objects": 5,
          "n_blanket": 5
        },
        "layer_3": {
          "eigengap": 98.7479,
          "n_objects": 5,
          "n_blanket": 46
        },
        "layer_4": {
          "eigengap": 97.8692,
          "n_objects": 5,
          "n_blanket": 24
        }
      },
      "epoch_35": {
        "embedding": {
          "eigengap": 89.6007,
          "n_objects": 5,
          "n_blanket": 17
        },
        "layer_1": {
          "eigengap": 102.4797,
          "n_objects": 5,
          "n_blanket": 12
        },
        "layer_2": {
          "eigengap": 99.6786,
          "n_objects": 5,
          "n_blanket": 59
        },
        "layer_3": {
          "eigengap": 97.0164,
          "n_objects": 5,
          "n_blanket": 49
        },
        "layer_4": {
          "eigengap": 93.686,
          "n_objects": 5,
          "n_blanket": 25
        }
      },
      "epoch_40": {
        "embedding": {
          "eigengap": 90.3126,
          "n_objects": 5,
          "n_blanket": 15
        },
        "layer_1": {
          "eigengap": 100.6798,
          "n_objects": 5,
          "n_blanket": 2
        },
        "layer_2": {
          "eigengap": 97.2009,
          "n_objects": 5,
          "n_blanket": 50
        },
        "layer_3": {
          "eigengap": 97.2231,
          "n_objects": 5,
          "n_blanket": 52
        },
        "layer_4": {
          "eigengap": 93.0333,